method,page,para_index,source,text
text,1,0,data/raw/Nestle_2014_auto-paragraph-parsing.pdf,Nestlé in society Creating Shared Value and meeting our commitments 2014 Corporate Governance Report 2014 Compensation Report 2014 Financial Statements 2014 CONTENTS 2 Letter to our shareholders 6 Enhancing lives and well-being 8 The strategy 14 The highlights 26 The future 34 Our brands 42 Financial review 43 Leading positions in dynamic categories 44 Business review 55 Principal risks and uncertainties 56 Geographical data: factories 58 Corporate Governance and Compliance 59 Corporate Governance 60 Board of Directors of Nestlé S.A. 62 Executive Board of Nestlé S.A. 63 Compliance 64 Shareholder information Accompanying reports Nestlé in society Creating Shared Value and meeting our commitments 2014 Corporate Governance Report 2014 Compensation Report 2014 Financial Statements 2014
text,2,1,data/raw/Nestle_2014_auto-paragraph-parsing.pdf,"NESTLÉ IN NUMBERS Group sales (in CHF) 91.6 billion Trading operating profit (in CHF) 14.0 billion Employees 339 000 Countries we operate in 197 Where we sell (in CHF billion) Our top 10 Markets plus Switzerland (in CHF billion) AMERICAS 39.4 ASIA, OCEANIA"
text,2,2,data/raw/Nestle_2014_auto-paragraph-parsing.pdf,26.3 EUROPE 25.9 23.5 5.5 3.3 3.0 6.6 5.1 3.0 2.5 2.1 1.6 2.0
text,3,0,data/raw/Nestle_2014_auto-paragraph-parsing.pdf,NESTLÉ IN SOCIETY 98% of our children's products met all of the Nestlé Nutritional Foundation criteria (a) for children at the end of 2014. 73 Our Healthy Kids Global Programme reached more than 7.6 million children in 73 countries in 2014.
text,3,0,data/raw/Nestle_2014_auto-paragraph-parsing.pdf,Top 3 We are ranked one of the top 3 global food and beverage manufacturers in the current Access to Nutrition Index. 73% We audited 8700 of our 10 000 Tier 1 suppliers and found 73% fully complied with our Supplier Code.
text,3,0,data/raw/Nestle_2014_auto-paragraph-parsing.pdf,"FTSE4Good We remain the only infant formula manufacturer included in FTSE's responsible investment index, based on our performance in human rights, labour rights, responsible marketing of breast-milk substitutes and more."
text,3,0,data/raw/Nestle_2014_auto-paragraph-parsing.pdf,"Leader We were ranked number one by the charity Oxfam in its 2014 scorecard, Behind the Brands."
text,3,0,data/raw/Nestle_2014_auto-paragraph-parsing.pdf,"The survey scored 10 food and beverage companies on their efforts to improve food security. 38% Volume of high-priority categories of raw material that are traceable back to the primary source. 52% Water discharges per tonne of product cut by 52% since 2005. 72 factories achieving zero waste for disposal in 2014. 12 458 farmers sensitised on child labour issues in 2014. 11 832 Nestlé Needs YOUth helped 11 832 young people in Europe find work or apprenticeship opportunities in 2014. 26% Energy consumption per tonne of product cut by 26% since 2005. (a) The Nestlé Nutritional Foundation criteria are based on nutrition science and public health dietary recommendations, such as those of the World Health Organization (WHO), the Institute of Medicine and other global or local authorities."
text,3,1,data/raw/Nestle_2014_auto-paragraph-parsing.pdf,"Our products are evaluated against these criteria, using the Nestlé Nutritional Profiling System, which determines their nutritional value and whether they achieve the Nestlé Nutritional Foundation status."
text,4,0,data/raw/Nestle_2014_auto-paragraph-parsing.pdf,KEY FIGURES (CONSOLIDATED) In millions of CHF (except for data per share and employees) 2013 2014 Results Sales 92 158 91 612 Trading operating profit 14 047 14 019 as % of sales 15.2% 15.3% Profit for the period attributable to shareholders of the parent (Net profit) 10 015 14 456 as % of sales 10.9% 15.8% Balance sheet and Cash flow statement Equity attributable to shareholders of the parent 62 575 70 130 Net financial debt 14 690 12 325 Ratio of net financial debt to equity (gearing) 23.5% 17.6% Operating cash flow 14 992 14 700 as % of net financial debt 102.1% 119.3% Free cash flow (a) 10 486 14 137 Capital expenditure 4 928 3 914 as % of sales 5.3% 4.3% Data per share Weighted average number of shares outstanding (in millions of units) 3 191 3 188 Basic earnings per share CHF 3.14 4.54 Underlying earnings per share (b) CHF 3.50 3.44 Dividend as proposed by the Board of Directors of Nestlé S.A.
text,4,1,data/raw/Nestle_2014_auto-paragraph-parsing.pdf,"CHF 2.15 2.20 Market capitalisation, end December 208 279 231 136 Number of employees (in thousands) 333 339 (a) Operating cash flow less capital expenditure, expenditure on intangible assets, investments (net of divestments) in associates and joint ventures, and other investing cash flows. (b) Profit per share for the year attributable to shareholders of the parent before impairments, restructuring costs, results on disposals and significant one-off items."
text,4,1,data/raw/Nestle_2014_auto-paragraph-parsing.pdf,The tax impact from the adjusted items is also adjusted for.
text,5,0,data/raw/Nestle_2014_auto-paragraph-parsing.pdf,"Dear fellow shareholder, The business environment was again marked by great uncertainty in 2014. Disruptive socio-economic and political change continued to affect growth in many parts of the world."
text,5,0,data/raw/Nestle_2014_auto-paragraph-parsing.pdf,"In the emerging markets, economic volatility worsened as growth rates slowed and currencies weakened. In the developed markets, deflationary pressures and soft consumer demand resulted in a continued challenging trading environment."
text,5,0,data/raw/Nestle_2014_auto-paragraph-parsing.pdf,"In the face of such uncertainty it was more important than ever to stay the course and remain loyal to our strategy, driving short-term performance while ensuring we made the right decisions to deliver our long-term goals."
text,5,0,data/raw/Nestle_2014_auto-paragraph-parsing.pdf,"We took decisive steps to further our ambition to be the world's recognised leading Nutrition, Health and Wellness company, trusted by all stakeholders, while again delivering financial results in 2014 that outperformed the market."
text,5,0,data/raw/Nestle_2014_auto-paragraph-parsing.pdf,"Sales were CHF 91.6 billion, with organic growth of 4.5%, composed of real internal growth of 2.3% and pricing of 2.2%."
text,5,0,data/raw/Nestle_2014_auto-paragraph-parsing.pdf,"The Group's trading operating profit was CHF 14.0 billion and the margin increased by 10 basis points to 15.3%, up 30 basis points in constant currencies."
text,5,0,data/raw/Nestle_2014_auto-paragraph-parsing.pdf,This performance was achieved whilst we again increased consumer facing marketing support for our brands.
text,5,1,data/raw/Nestle_2014_auto-paragraph-parsing.pdf,The net profit rose to CHF 14.5 billion. The CHF 4.4 billion increase in net profit also reflects the profit realised on the disposal of part of the stake in L'Oréal and the revaluation gain on the 50% of Galderma already held when the Group brought its ownership from 50% to 100% (see below).
text,5,1,data/raw/Nestle_2014_auto-paragraph-parsing.pdf,"Earnings per share were CHF 4.54, up 44.6%. Underlying earnings per share were up 4.4% in constant currencies."
text,5,1,data/raw/Nestle_2014_auto-paragraph-parsing.pdf,"The Group's operating cash flow remained strong at CHF 14.7 billion. In view of this performance and the company's strong financial position, the Board is proposing a dividend of CHF 2.20 per share up from CHF 2.15 last year."
text,5,1,data/raw/Nestle_2014_auto-paragraph-parsing.pdf,"Through continuous innovation and renovation of our food and beverages portfolio we are able to offer people healthier and tastier choices at every stage of their life, at any time of the day."
text,5,2,data/raw/Nestle_2014_auto-paragraph-parsing.pdf,"Science-based innovation enables us to enhance the quality of people's diets, using our knowledge and our research and development capability to make a positive contribution to society."
text,5,2,data/raw/Nestle_2014_auto-paragraph-parsing.pdf,"Wherever you are in the world, we have safe, nutritious products to help you care for yourself and your family."
text,5,2,data/raw/Nestle_2014_auto-paragraph-parsing.pdf,"A few years ago, we expanded the boundaries of Nutrition, Health and Wellness with the creation of Nestlé Health Science, motivated by the opportunity to forge a major therapeutic role for nutrition in the management of health."
text,5,2,data/raw/Nestle_2014_auto-paragraph-parsing.pdf,"In line with this broadened strategy, in 2014 the Board approved"
text,5,3,data/raw/Nestle_2014_auto-paragraph-parsing.pdf,"the sale of 48.5 million L'Oréal shares to L'Oréal for cancellation. Part of the proceeds were used for the acquisition of the 50% stake in our joint venture Galderma from L'Oréal, bringing our ownership of Galderma to 100%."
text,5,3,data/raw/Nestle_2014_auto-paragraph-parsing.pdf,"Galderma formed the foundation of a new Nestlé subsidiary, Nestlé Skin Health. Its goal is to be recognised as the leading company in skin health, offering science-based solutions to protect, nourish and enhance skin, and where needed to treat, correct and restore damaged skin over the course of people's lives."
text,5,3,data/raw/Nestle_2014_auto-paragraph-parsing.pdf,"Nestlé Skin Health provides prescription drugs, self-medication, therapeutic skin care and aesthetic and corrective medicine, allowing us to compete in the growing and promising multi-billion global skincare market."
text,5,3,data/raw/Nestle_2014_auto-paragraph-parsing.pdf,Nestlé Skin Health was further strengthened by the acquisition of the full rights to commercialise several key aesthetic dermatology products in the United States and Canada.
text,5,3,data/raw/Nestle_2014_auto-paragraph-parsing.pdf,"These developments ensure that, building on the strong foundations of our food and beverages business and guided increasingly by science, we can further expand our portfolio to provide promising platforms for future growth in line with our strategy of Nutrition, Health and Wellness."
text,5,3,data/raw/Nestle_2014_auto-paragraph-parsing.pdf,"At the same time, we continue the drive to ensure our company is organised efficiently and effectively to deliver continuous profitable growth over the long term."
text,5,3,data/raw/Nestle_2014_auto-paragraph-parsing.pdf,"With this objective in mind we made some key decisions, adapting our organisational structure to better prepare ourselves today to meet the challenges of tomorrow."
text,5,3,data/raw/Nestle_2014_auto-paragraph-parsing.pdf,"While our company continues to benefit from its decentralised structure, allowing key decisions to be made as close as possible to consumers, there is still an important opportunity to better leverage our scale."
text,5,4,data/raw/Nestle_2014_auto-paragraph-parsing.pdf,"That is why in 2014 we set up Nestlé Business Excellence at Executive Board Level, combining GLOBE (Nestlé's Global Business Excellence function) with Nestlé Business Services (our shared operation for transactional services around the world) and Nestlé Continuous Excellence (our continuous improvement and LEAN programme)."
text,5,4,data/raw/Nestle_2014_auto-paragraph-parsing.pdf,"Through a focus on three areas: Simplifying, Standardising and Sharing, Nestlé Business Excellence will allow us to decrease structural costs and operational expenses, freeing up resources to support growth."
text,5,4,data/raw/Nestle_2014_auto-paragraph-parsing.pdf,"This will also allow our markets to keep a sharp focus on generating demand. We have integrated the Maghreb, the Middle East, the North East Africa region, Turkey and Israel into Zone Europe to form Zone EMENA (Europe, Middle East and North Africa)."
text,5,4,data/raw/Nestle_2014_auto-paragraph-parsing.pdf,"This balances the different consumer dynamics and opportunities in each geography. Additionally it allows a sharper focus in Zone Asia, Oceania and Africa, a fast-growing part"
text,7,0,data/raw/Nestle_2014_auto-paragraph-parsing.pdf,"of the world where three quarters of the global population live, enabling us to dedicate more attention to countries and regions which are highly complex but have huge potential."
text,7,0,data/raw/Nestle_2014_auto-paragraph-parsing.pdf,"The new Nestlé Business Excellence function is led by Chris Johnson, the former head of Zone Americas."
text,7,0,data/raw/Nestle_2014_auto-paragraph-parsing.pdf,"Zone Americas is now led by Laurent Freixe, the former head of Zone Europe, and the new Zone EMENA by Luis Cantarell, who previously was in charge of Nestlé Nutrition and Nestlé Health Science."
text,7,0,data/raw/Nestle_2014_auto-paragraph-parsing.pdf,"The new head of Nestlé Nutrition is Heiko Schipper, who was formerly responsible for our Global Infant Nutrition division."
text,7,0,data/raw/Nestle_2014_auto-paragraph-parsing.pdf,"Nestlé Health Science is led by Greg Behar, who joined the company from Boehringer Ingelheim in July."
text,7,0,data/raw/Nestle_2014_auto-paragraph-parsing.pdf,"The newly established Nestlé Skin Health is led by Humberto Antunes, formerly the Chief Executive Officer of our joint venture Galderma."
text,7,0,data/raw/Nestle_2014_auto-paragraph-parsing.pdf,"We further reinforced our business through continued active portfolio management, reviewing the performance of different products in different markets to assess strategic fit, the extent to which they were accretive against our financial targets, and what investments were necessary to deliver growth."
text,7,0,data/raw/Nestle_2014_auto-paragraph-parsing.pdf,"We made choices about where we wanted to invest, where we wanted to improve, and what we wanted to divest."
text,7,0,data/raw/Nestle_2014_auto-paragraph-parsing.pdf,"Making such choices enables us to align our resources behind our best ideas, products and categories, to deliver sustained financial performance and help us on our journey to recognised Nutrition, Health and Wellness leadership over the short term and the long term."
text,7,0,data/raw/Nestle_2014_auto-paragraph-parsing.pdf,"We also announced new investments and research collaborations, which will enhance our ability to deliver science-based solutions to improve the quality of people's lives."
text,7,0,data/raw/Nestle_2014_auto-paragraph-parsing.pdf,A newly-announced research partnership with the EpiGen consortium will help us to better develop our understanding of the influence of nutrition and genetics at the beginning of life and continue to build our knowledge in this important area.
text,7,1,data/raw/Nestle_2014_auto-paragraph-parsing.pdf,"The Nestlé Institute of Health Sciences began a collaboration on a groundbreaking project, which could one day lead to the development of made-to-measure vitamin combinations tailored to individual needs."
text,7,1,data/raw/Nestle_2014_auto-paragraph-parsing.pdf,"Our company was founded almost 150 years ago on the product Henri Nestlé invented, farine lactée."
text,7,1,data/raw/Nestle_2014_auto-paragraph-parsing.pdf,It saved the life of a child. Today we continue to invest in science-based innovation to ensure we can answer current and future needs.
text,7,1,data/raw/Nestle_2014_auto-paragraph-parsing.pdf,It is our fundamental belief that to be successful over time we need to create value for our shareholders while at the same time creating value for society.
text,7,1,data/raw/Nestle_2014_auto-paragraph-parsing.pdf,"We call this Creating Shared Value. To prosper we have to take a long-term view, framed in a robust set of principles and values that are based on respect: respect for people, respect for the environment,"
text,7,2,data/raw/Nestle_2014_auto-paragraph-parsing.pdf,and respect for the world we live in. What we do and the effects of what we do are highly visible.
text,7,2,data/raw/Nestle_2014_auto-paragraph-parsing.pdf,"It is our responsibility to connect with different stakeholders, to show transparency and build trust."
text,7,2,data/raw/Nestle_2014_auto-paragraph-parsing.pdf,"We have therefore again in 2014 reported on our social performance and our compliance in our Nestlé in society report, and our progress towards meeting the tough targets we set ourselves."
text,7,2,data/raw/Nestle_2014_auto-paragraph-parsing.pdf,"In 2014 we held another successful Creating Shared Value forum, this time at the Nestlé Research Center in Lausanne, co-organised for the first time with a United Nations body, the UN Conference on Trade and Development (UNCTAD)."
text,7,2,data/raw/Nestle_2014_auto-paragraph-parsing.pdf,The President of the Swiss Confederation used his address to the event to plead for water to become a self-standing goal of the future global development agenda.
text,7,2,data/raw/Nestle_2014_auto-paragraph-parsing.pdf,At the event we renewed our long-standing partnership with the International Federation of Red Cross and Red Crescent Societies.
text,7,2,data/raw/Nestle_2014_auto-paragraph-parsing.pdf,Since 2006 this collaboration has focused on the improvement of rural communities' access to clean water and sanitation.
text,7,2,data/raw/Nestle_2014_auto-paragraph-parsing.pdf,"Currently, at the United Nations there are intense discussions about the global development goals for the period after"
text,7,3,data/raw/Nestle_2014_auto-paragraph-parsing.pdf,"isations are increasingly reliant on the expertise, experience and resources of the private sector to help address some of the world's most pressing problems."
text,7,3,data/raw/Nestle_2014_auto-paragraph-parsing.pdf,"This offers an opportunity for global companies such as Nestlé to make a valuable contribution, in partnership with governments and civil society."
text,7,3,data/raw/Nestle_2014_auto-paragraph-parsing.pdf,"We are participating actively in the policy dialogue in areas which will deeply influence our future business, such as food security, nutrition and health, water, sustainability, and human rights."
text,7,3,data/raw/Nestle_2014_auto-paragraph-parsing.pdf,"The Board of Directors has actively supported the decisions we have taken to further strengthen our Nutrition, Health and Wellness strategy in 2014."
text,7,3,data/raw/Nestle_2014_auto-paragraph-parsing.pdf,"It carried out a review of the Wyeth acquisition, received an update on Nestlé Professional, and visited our operations in France, where the discussions included a focus on Nestlé Waters."
text,7,3,data/raw/Nestle_2014_auto-paragraph-parsing.pdf,"The Board discussed our global strategy in November, and reviewed our business in the United States, as well as Nestlé Nutrition, Nestlé Health Science and Nestlé Skin Health."
text,7,3,data/raw/Nestle_2014_auto-paragraph-parsing.pdf,"It also examined our past capital investments and future needs, as well as our continuing active portfolio management."
text,7,3,data/raw/Nestle_2014_auto-paragraph-parsing.pdf,"The Board exercised its responsibilities for financial planning and oversight, risk and compliance management, and setting the right tone at the top of the company."
text,7,3,data/raw/Nestle_2014_auto-paragraph-parsing.pdf,"At our 2014 shareholders' meeting, the Board proposed significant changes to our corporate governance in response to changes in Swiss legislation."
text,7,3,data/raw/Nestle_2014_auto-paragraph-parsing.pdf,The changes to our Articles of Association were approved by a large majority. For the first
text,8,0,data/raw/Nestle_2014_auto-paragraph-parsing.pdf,"time in 2014, shareholders had to elect all members of the Board for annual terms and to directly elect the Chairman of the Board and the Members of the Compensation Committee."
text,8,0,data/raw/Nestle_2014_auto-paragraph-parsing.pdf,The new governance framework had a significant impact on our Annual General Meeting (AGM) and put compliance at the forefront of the meeting.
text,8,0,data/raw/Nestle_2014_auto-paragraph-parsing.pdf,The role of the Board has changed and the AGM has been given increased responsibilities.
text,8,0,data/raw/Nestle_2014_auto-paragraph-parsing.pdf,We therefore lead an active dialogue with our shareholders and proxy advisors to explain these changes and new responsibilities.
text,8,0,data/raw/Nestle_2014_auto-paragraph-parsing.pdf,"At our next AGM in April, we will for the first time submit our proposals for the compensation of the Board of Directors and the Executive Board for approval by our shareholders as required by the new legislation."
text,8,0,data/raw/Nestle_2014_auto-paragraph-parsing.pdf,"We have implemented these measures in a manner designed to preserve legal certainty, while ensuring that compensation remains competitive."
text,8,0,data/raw/Nestle_2014_auto-paragraph-parsing.pdf,We continue our active dialogue with investors and encourage all shareholders to vote and to help preserve our long-term focus as set out in our Articles of Association.
text,8,0,data/raw/Nestle_2014_auto-paragraph-parsing.pdf,"Our success has always been based upon our determin ation to stay the course and look ahead, to understand the environment in which we operate, to organise ourselves to seize opportunities to deliver profitable growth, now and in the future."
text,8,0,data/raw/Nestle_2014_auto-paragraph-parsing.pdf,"Although we are operating in a challenging and turbulent economic environment, we see these as fascinating times, full of opportunities."
text,8,0,data/raw/Nestle_2014_auto-paragraph-parsing.pdf,"We continue to commit ourselves to ambitious financial targets. We aim to achieve organic growth of around 5% to 6%, improvements in margins and underlying earnings per share in constant currencies, as well as capital efficiency."
text,8,0,data/raw/Nestle_2014_auto-paragraph-parsing.pdf,"There will be years when we exceed our ambition and years where we come close, but this is the line we want to walk over time."
text,8,1,data/raw/Nestle_2014_auto-paragraph-parsing.pdf,"We would like to thank our 339 000 employees, whose commitment to Nestlé, hard work and disciplined alignment behind our strategy ensured that we achieved our common goals."
text,8,1,data/raw/Nestle_2014_auto-paragraph-parsing.pdf,"Their talent, their creativity, their discipline and entre preneurship are key to delivering our results."
text,8,1,data/raw/Nestle_2014_auto-paragraph-parsing.pdf,"We would also like to thank you, our shareholders, for your investment and your confidence, which have enabled us to deliver good returns for investors over the long term."
text,10,0,data/raw/Nestle_2014_auto-paragraph-parsing.pdf,Supporting parents in raising healthier children 12 Developing innovative products to safeguard skin health 16 Helping ageing dogs maintain brain health 20 Continuing to deliver the highest quality espresso coffee through Nespresso 24 Extending new job opportunities to European youth 30
text,11,0,data/raw/Nestle_2014_auto-paragraph-parsing.pdf,"For almost 150 years we have enhanced people's lives by offering tastier and healthier food and beverages choices at all stages of life and at any time of day, helping them care for themselves and their families."
text,11,0,data/raw/Nestle_2014_auto-paragraph-parsing.pdf,We have built our success by anti cipating the future and continuously adapting ourselves to seize the opportunities it presents.
text,11,0,data/raw/Nestle_2014_auto-paragraph-parsing.pdf,Through the continuous innovation and renovation of our products we are helping people enjoy healthier diets.
text,11,0,data/raw/Nestle_2014_auto-paragraph-parsing.pdf,"In 2014 we continued to invest behind the ideas, the products and the categories that help us on our journey towards recognised Nutrition, Health and Wellness leadership, and deliver sustained financial performance."
text,11,0,data/raw/Nestle_2014_auto-paragraph-parsing.pdf,"The Nestlé Strategic Roadmap (facing page) is our compass, driving internal alignment behind our goals."
text,11,0,data/raw/Nestle_2014_auto-paragraph-parsing.pdf,"The roadmap shows the strengths we leverage to drive performance and deliver competitive advantage. Our strong culture, values and principles, all based on respect, unite us worldwide."
text,11,0,data/raw/Nestle_2014_auto-paragraph-parsing.pdf,"Our ambition is not just to be the leader but the industry reference for Nutrition, Health and Wellness."
text,11,0,data/raw/Nestle_2014_auto-paragraph-parsing.pdf,"In recent years we have built on the strong foundations of our unrivalled food and beverage portfolio, exploring the benefits of nutrition's therapeutic role with Nestlé Health Science."
text,11,0,data/raw/Nestle_2014_auto-paragraph-parsing.pdf,"In 2014 we again expanded the boundaries of Nutrition, Health and Wellness with the creation of Nestlé Skin Health, offering scientifically-proven products and solutions for people's skin health needs throughout their lives."
text,11,0,data/raw/Nestle_2014_auto-paragraph-parsing.pdf,"In the following pages we highlight some of our efforts to contribute to society, driven by our determination to offer Nutrition, Health and Wellness for all."
text,12,0,data/raw/Nestle_2014_auto-paragraph-parsing.pdf,"Co m pl ia n c e - S u st ai n a bi li ty Cr e at in g S h ar e d V al u e N e st lé c ul tu re , v al u e s a n d pr in ci pl e s Nutrition, Health and Wellness Emerging markets and Popularly Positioned Products Out-of-home consumption Premiumisation Unmatched product and brand portfolio Unmatched research and development capability Unmatched geographic presence People, culture, values and attitude Consumer engagement Operational efficiency Whenever, wherever, however Innovation and renovation Our objective is to be the leader in Nutrition, Health and Wellness, and the industry reference for financial performance, trusted by all stakeholders  Operational pillars Competitive advantages Growth drivers"
text,13,0,data/raw/Nestle_2014_auto-paragraph-parsing.pdf,"Nutrition, Health and Wellness - our promise for a better life We enhance people's lives by offering tastier and healthier food and beverage choices at all stages of life and at all times of the day."
text,13,0,data/raw/Nestle_2014_auto-paragraph-parsing.pdf,"Nutrition, Health and Wellness is a priority for the people who buy our products, for society as a whole and for us as a business."
text,13,0,data/raw/Nestle_2014_auto-paragraph-parsing.pdf,As the world's leading food and beverage company we have a responsibility to use our knowledge and our research and development capability to make a positive difference to society.
text,13,0,data/raw/Nestle_2014_auto-paragraph-parsing.pdf,We have an important role to play in not only providing good nutrition but in helping people understand its value.
text,13,0,data/raw/Nestle_2014_auto-paragraph-parsing.pdf,"Start Healthy Stay Healthy is our interactive, science-based education programme designed to help parents and caregivers provide nutritionally and developmentally adequate nutrition in the crucial first 1000 days of life."
text,13,0,data/raw/Nestle_2014_auto-paragraph-parsing.pdf,We support and promote breastfeeding as the best start a baby can have in life.
text,13,0,data/raw/Nestle_2014_auto-paragraph-parsing.pdf,Our educational programmes are targeted at people who are most involved in implementing good practices during this important early period in a child's development.
text,13,0,data/raw/Nestle_2014_auto-paragraph-parsing.pdf,We help to guide parents and caregivers to raise healthier children and help healthcare professionals have a greater impact on the nutritional aspects of care of future generations.
text,13,0,data/raw/Nestle_2014_auto-paragraph-parsing.pdf,We continue to reinforce our leadership in the area of children's nutrition. By the end of 2014 98% of all our products for children met the Nestlé Nutritional Foundation criteria for children.
text,13,0,data/raw/Nestle_2014_auto-paragraph-parsing.pdf,These criteria are based on nutrition science and public health dietary recommendations from bodies such as the World Health Organization and the Institute of Medicine.
text,13,0,data/raw/Nestle_2014_auto-paragraph-parsing.pdf,Our products are evaluated against these criteria using the Nestlé Nutritional Profiling System which determines their nutritional value and whether they achieve Nestlé Nutritional Foundation status.
text,13,1,data/raw/Nestle_2014_auto-paragraph-parsing.pdf,"We are carrying out large-scale studies together with leading scientists of children's diet and lifestyles, based on the success of the Nestlé Feeding Infants and Toddlers Study."
text,13,1,data/raw/Nestle_2014_auto-paragraph-parsing.pdf,"In addition to dietary intakes and behaviours, our research explores family dynamics around diets and key lifestyle patterns of children while documenting their height and weight."
text,13,1,data/raw/Nestle_2014_auto-paragraph-parsing.pdf,"We use this data to support our product reformulation, consumer communication and educational programmes, and we share the results with the wider scientific community, non-governmental organisations and others."
text,13,2,data/raw/Nestle_2014_auto-paragraph-parsing.pdf,"We ensure global compliance with responsible advertising and marketing standards for children, abiding by external pledges such as the EU Pledge."
text,13,2,data/raw/Nestle_2014_auto-paragraph-parsing.pdf,"At the end of 2014, the Executive Board approved an updated and strengthened Nestlé Marketing Communication to Children Policy, which will come into effect in December 2015."
text,13,2,data/raw/Nestle_2014_auto-paragraph-parsing.pdf,"To ensure consistent and effective implementation, detailed internal guidelines have been developed and external stakeholders are encouraged to provide feedback via our Tell us reporting mechanism."
text,13,2,data/raw/Nestle_2014_auto-paragraph-parsing.pdf,"We have phased out our marketing communication in schools and reinforced our health and wellness education activities, particularly those that positively impact children's development and support governments' goals to increase physical activity."
text,13,2,data/raw/Nestle_2014_auto-paragraph-parsing.pdf,"By the end of 2014 the Nestlé Healthy Kids programme was in 73 countries, supporting initiatives which demonstrate how appropriate nutrition and exercise can improve the health of children and their communities."
text,13,2,data/raw/Nestle_2014_auto-paragraph-parsing.pdf,"In addition, our own studies in four countries have shown that two thirds of children are insufficiently hydrated when they arrive at school."
text,13,2,data/raw/Nestle_2014_auto-paragraph-parsing.pdf,"In 2014 we provided tools and information that schools, parents and caregivers need to ensure children learn about the benefits of healthy hydration."
text,13,2,data/raw/Nestle_2014_auto-paragraph-parsing.pdf,"United for Healthier Kids is a platform, created by Nestlé in 2014, where society can engage and collaborate to find ways to improve the health and wellness of children, from conception to the age of 12 years."
text,13,2,data/raw/Nestle_2014_auto-paragraph-parsing.pdf,"In Mexico, a TV series was launched which supports and encourages five families looking to change their eating and lifestyle habits over six months."
text,13,2,data/raw/Nestle_2014_auto-paragraph-parsing.pdf,The platform has also been launched in the Philippines. Through innovation and renovation we continue to make our products tastier and healthier.
text,13,3,data/raw/Nestle_2014_auto-paragraph-parsing.pdf,"In line with the recommendations from public health authorities, we are reducing the amount of salt, sugar and saturated fats in our products as part of our contribution towards the fight against non-communicable diseases in society."
text,13,3,data/raw/Nestle_2014_auto-paragraph-parsing.pdf,Our reduction targets are included in our public nutrition commitments (detailed in the Nestlé in society report) so our progress can be measured.
text,13,3,data/raw/Nestle_2014_auto-paragraph-parsing.pdf,We are also ensuring that whole grains are the primary ingredient in our breakfast cereals for children and teenagers.
text,13,3,data/raw/Nestle_2014_auto-paragraph-parsing.pdf,We want to help people who buy our products to make informed decisions by giving them better nutritional information on our product labels.
text,13,3,data/raw/Nestle_2014_auto-paragraph-parsing.pdf,We are enhancing our portion guidance and have committed to print GDAs (Guideline Daily Amounts) on the front of all relevant packaging.
text,13,3,data/raw/Nestle_2014_auto-paragraph-parsing.pdf,"These make it easier for people to see how much salt, sugar or fat is in the product, and how the amounts compare to reference daily guidelines."
text,14,0,data/raw/Nestle_2014_auto-paragraph-parsing.pdf,"It is designed to help reframe portion norms, particularly in energy dense categories where habitual servings have increased over time."
text,14,0,data/raw/Nestle_2014_auto-paragraph-parsing.pdf,"In parts of the world where people find it difficult to get essential vitamins and minerals in their daily diets, we fortify foods to help them and their families stay healthy."
text,14,0,data/raw/Nestle_2014_auto-paragraph-parsing.pdf,We are on track to deliver our commitment of 200 billion servings of micronutrient fortified foods and beverages annually around the world by next year.
text,14,0,data/raw/Nestle_2014_auto-paragraph-parsing.pdf,"In 2014 we continued to extend the reach of our microfortification programmes, focusing on categories for children and women of child-bearing age, such as fortified infant cereals and growing-up milks."
text,14,0,data/raw/Nestle_2014_auto-paragraph-parsing.pdf,"Salt reduction Nestlé scientists at the Product Technology Centre in Singen, Germany, are working to reduce the amount of salt in Maggi Tomato Mozzarella Soup by enhancing other flavours."
text,14,0,data/raw/Nestle_2014_auto-paragraph-parsing.pdf,"Nestlé Healthy Kids Finding ways to help children, like these in Brazil, to be more active and to make healthy eating choices helps them achieve and maintain a healthy body weight."
text,14,0,data/raw/Nestle_2014_auto-paragraph-parsing.pdf,Guiding the portions This label from Italy gives detailed information about the contents of a recommended portion made with 13.5 g of Nestlé Nesquik and 200 ml of milk.
text,16,0,data/raw/Nestle_2014_auto-paragraph-parsing.pdf,"Research carried out by the Nestlé Research Center, and published in the journal Appetite, indicates that children who help their parents prepare their own meals eat significantly more vegetables than those children who are not involved in cooking with their parents."
text,16,0,data/raw/Nestle_2014_auto-paragraph-parsing.pdf,"Nestlé aims to support parents with the information they need to make the most informed decisions about their children's health and eating habits, such as the importance of regular consumption of fruits and vegetables, and of exercise."
text,16,0,data/raw/Nestle_2014_auto-paragraph-parsing.pdf,We believe getting it right early in life pays big dividends in terms of health and well-being throughout life.
text,16,0,data/raw/Nestle_2014_auto-paragraph-parsing.pdf,"Supporting parents is part of Nestlé's commitment to helping future generations develop their full potential and live healthier lives by providing high-quality, science-driven nutrition for infants and children in the first 1000 days of life."
text,17,0,data/raw/Nestle_2014_auto-paragraph-parsing.pdf,"Our company was founded almost 150 years ago on the product Henri Nestlé invented, farine lactée."
text,17,0,data/raw/Nestle_2014_auto-paragraph-parsing.pdf,"It saved the life of a child. Nestlé's success has been built on innovation, which will continue to drive performance and deliver profitable growth in the years ahead."
text,17,0,data/raw/Nestle_2014_auto-paragraph-parsing.pdf,"Across our portfolio, innovation reinforced our growth platforms in 2014. Increasingly, science-based innovation enables us to improve the quality of people's lives with new ideas, products and solutions."
text,17,0,data/raw/Nestle_2014_auto-paragraph-parsing.pdf,We introduced a new lactose free infant formula with probiotic L. reuteri that helps infants recover from diarrhoea.
text,17,0,data/raw/Nestle_2014_auto-paragraph-parsing.pdf,"We rolled out new organic fruit purée pouches for infants, combining good nutrition with convenience."
text,17,0,data/raw/Nestle_2014_auto-paragraph-parsing.pdf,"In South East Asia we launched new premium noodles designed for growing urban populations. Maggi 'so Tender from the Pan', the unique seasoning paper that can be used to cook meat without oil, was rolled out to new markets."
text,17,0,data/raw/Nestle_2014_auto-paragraph-parsing.pdf,"Nestlé Skin Health offered people innovative ways to protect, nourish and enhance their skin health over the course of their lives."
text,17,0,data/raw/Nestle_2014_auto-paragraph-parsing.pdf,Our expertise in beverage systems ensured a good response from consumers in North America to Nespresso's new VertuoLine system.
text,17,0,data/raw/Nestle_2014_auto-paragraph-parsing.pdf,"By the end of 2014, Nescafé Dolce Gusto, the fastest growing coffee system business in the world, was being sold in more than 70 countries."
text,17,0,data/raw/Nestle_2014_auto-paragraph-parsing.pdf,In Japan we started using humanoid robots to sell Nescafé Dolce Gusto and Nescafé Gold Blend Barista coffee machines.
text,17,0,data/raw/Nestle_2014_auto-paragraph-parsing.pdf,"Across the globe, our petcare business benefited from an innovation pipeline that delivered new products with proven benefits based on good nutrition."
text,17,1,data/raw/Nestle_2014_auto-paragraph-parsing.pdf,Some of these highlights are detailed on the following pages.
text,18,0,data/raw/Nestle_2014_auto-paragraph-parsing.pdf,"Product range Nestlé Skin Health has a range of products that protect, nourish and enhance skin health and, when needed, treat, correct and restore damaged skin over the course of people's lives."
text,18,0,data/raw/Nestle_2014_auto-paragraph-parsing.pdf,"Skin research Nestlé Skin Health is supported by five research and development centres around the world in France, Japan, Sweden, Switzerland, and the United States."
text,18,0,data/raw/Nestle_2014_auto-paragraph-parsing.pdf,"Skin health, clear ahead Nestlé Skin Health's unique holistic approach will help to protect, nourish and enhance skin health, while working to preserve and, when needed, to treat, correct and restore damaged skin back to its healthy state."
text,18,0,data/raw/Nestle_2014_auto-paragraph-parsing.pdf,The skin is the largest organ in the human body and it is respon sible for safeguarding our health.
text,18,0,data/raw/Nestle_2014_auto-paragraph-parsing.pdf,Longer lifespans will mean good skin care will become more important if we are to extend a good quality of life to those of all ages.
text,18,0,data/raw/Nestle_2014_auto-paragraph-parsing.pdf,Seven out of ten people are affected by a skin disease at some point in their life.
text,18,0,data/raw/Nestle_2014_auto-paragraph-parsing.pdf,Nestlé Skin Health's goal is to be recognised as the leading company in skin health.
text,18,0,data/raw/Nestle_2014_auto-paragraph-parsing.pdf,"Created in 2014, it focuses on the CHF 130 billion health-conscious segment of the growing and promising global skincare market that was worth CHF 245 billion in 2013."
text,18,1,data/raw/Nestle_2014_auto-paragraph-parsing.pdf,"It provides prescription drugs, self-medication, therapeutic skin care and aesthetic and corrective medicine, with innovative products from moisturisers to sunscreen, from medical aesthetic procedures to medicines used to treat serious conditions such as skin cancer."
text,18,1,data/raw/Nestle_2014_auto-paragraph-parsing.pdf,"Nestlé Skin Health's vision is to enhance the quality of life by delivering science-based solutions for the health of skin, hair and nails over the course of people's lives."
text,20,0,data/raw/Nestle_2014_auto-paragraph-parsing.pdf,We look at our skin and it influences our self-view and well-being. Other people look at our skin and it shapes their perception of who we are.
text,20,0,data/raw/Nestle_2014_auto-paragraph-parsing.pdf,The skin is the largest organ in the human body and it is responsible for safeguarding our health.
text,20,0,data/raw/Nestle_2014_auto-paragraph-parsing.pdf,"Because our skin is our interface with the world, healthy skin leads to improved well-being."
text,20,0,data/raw/Nestle_2014_auto-paragraph-parsing.pdf,"Given the importance of skin in each of our daily lives, Nestlé Skin Health's focus on science-based solutions is a way to enhance the quality of people's lives."
text,20,0,data/raw/Nestle_2014_auto-paragraph-parsing.pdf,"Our focus is to provide a complete range of innovative products and solutions, and to make them available everywhere people go, so we are there, every day, to help protect, nourish and enhance, treat, correct and restore the health of your skin."
text,21,0,data/raw/Nestle_2014_auto-paragraph-parsing.pdf,Breast is best We firmly believe that breastfeeding is best for babies and fully support the World Health Organization's recommendation on breastfeeding.
text,21,0,data/raw/Nestle_2014_auto-paragraph-parsing.pdf,"We also provide a conducive environment for our employees to breastfeed, such as through flexible work arrangements."
text,21,0,data/raw/Nestle_2014_auto-paragraph-parsing.pdf,"Start Healthy Stay Healthy: nurturing a healthier generation together We provide high-quality, innovative, scienceproven nutrition for mothers and infants."
text,21,0,data/raw/Nestle_2014_auto-paragraph-parsing.pdf,"The importance of the right nutrition and feeding practices during the first 1000 days of life, from conception to a child's second birthday, is now widely accepted by the public health community."
text,21,0,data/raw/Nestle_2014_auto-paragraph-parsing.pdf,Our Start Healthy Stay Healthy programme is dedicated to supporting mothers and caregivers to get nutrition right in the first 1000 days.
text,21,0,data/raw/Nestle_2014_auto-paragraph-parsing.pdf,"Good nutrition is crucial for health, growth and development, and establishing the right feeding practices in early childhood also supports the establishment of good eating habits."
text,21,0,data/raw/Nestle_2014_auto-paragraph-parsing.pdf,We promote and support breastfeeding which is the best start a baby can have in life.
text,21,0,data/raw/Nestle_2014_auto-paragraph-parsing.pdf,"Where breastfeeding is not possible, we provide breast-milk substitutes. In addition, we have developed science-based nutritional solutions for infants with specific medical needs, who are unable to absorb, digest or metabolise standard infant formulas and are at risk of death or abnormal development without access to these products."
text,21,0,data/raw/Nestle_2014_auto-paragraph-parsing.pdf,"We also provide a range of complementary foods, such as infant cereals and meals and drinks."
text,21,0,data/raw/Nestle_2014_auto-paragraph-parsing.pdf,These baby foods contain carefully selected high-quality ingredients and are fortified with nutrients to meet the specific needs of infants in this important phase of life.
text,21,0,data/raw/Nestle_2014_auto-paragraph-parsing.pdf,We market our breast-milk substitutes in line with the aims and principles of the World Health Organization's International Code of Marketing of Breast-Milk Substitutes as implemented by governments.
text,21,1,data/raw/Nestle_2014_auto-paragraph-parsing.pdf,We are the only breast-milk substitute manufacturer to be included in the FTSE4Good responsible investment index (see the Nestlé in society report).
text,21,2,data/raw/Nestle_2014_auto-paragraph-parsing.pdf,"BabyNes BabyNes is the first advanced nutrition system for infants and toddlers that offers age-specific, singleserve formulas for children up to the age of three years old."
text,22,0,data/raw/Nestle_2014_auto-paragraph-parsing.pdf,Prolonging pet companionship Nestlé Purina is addressing cognitive decline in pets using research techniques that focus on adding nutritional enhancements to pet food.
text,22,0,data/raw/Nestle_2014_auto-paragraph-parsing.pdf,"Nestlé Purina scientists, veterinarians and nutritionists have been studying the effects of ageing on pets since 1986, when Purina began the breakthrough 'Lifespan Study' of canine diets."
text,22,0,data/raw/Nestle_2014_auto-paragraph-parsing.pdf,"Around age seven a dog's glucose metabolism in the brain begins to change, which can affect memory, learning, awareness or decision-making."
text,22,0,data/raw/Nestle_2014_auto-paragraph-parsing.pdf,Our scientists have discovered that medium chain triglycerides (MCTs) in certain botanical oils can be used as an additional alternative source of energy for the brain in these ageing dogs.
text,22,0,data/raw/Nestle_2014_auto-paragraph-parsing.pdf,Our scientists have also developed a proprietary brain protection blend that includes fish oil to promote cognitive function in cats and dogs.
text,22,0,data/raw/Nestle_2014_auto-paragraph-parsing.pdf,Extensive testing in cats and dogs demonstrated improved cognitive and learning ability in pets fed this blend.
text,22,0,data/raw/Nestle_2014_auto-paragraph-parsing.pdf,Nutritional benefits Purina Pro Plan Bright Mind helps support cognitive function in pets. Better together Nestlé Purina PetCare hosted its second 'Better with Pets' summit in New York as a forum for discussing a range of pet care issues.
text,22,0,data/raw/Nestle_2014_auto-paragraph-parsing.pdf,"The one-day event brought together opinion leaders from across the pet world, including retailers, bloggers, veterinary practitioners, leading animal welfare groups, and, of course, pet-lovers and owners."
text,24,0,data/raw/Nestle_2014_auto-paragraph-parsing.pdf,"Nestlé Purina's research has involved developing neuron-targeted nutrition with a blend of nutrients sourced from vegetable oils, such as coconut oil, to help improve memory function in older dogs."
text,24,0,data/raw/Nestle_2014_auto-paragraph-parsing.pdf,"Helping ageing dogs maintain brain health We understand the need for good nutrition to live healthily, so it's imperative that pet owners are aware of similar nutritional breakthroughs available for their pets that help slow the changes associated with ageing."
text,24,0,data/raw/Nestle_2014_auto-paragraph-parsing.pdf,"Nestlé Purina scientists, veterinarians and nutritionists have been studying the effects of ageing on pets since 1986, when Purina began the breakthrough 'Lifespan Study' to look at canine diets."
text,24,0,data/raw/Nestle_2014_auto-paragraph-parsing.pdf,Nestlé Purina's recent work addresses cognitive decline in pets by using research techniques that focus on adding nutritional enhancements to pet food.
text,25,0,data/raw/Nestle_2014_auto-paragraph-parsing.pdf,"Water at the well In 2014, we renewed a long-standing collaboration with the International Federation of Red Cross and Red Crescent Societies, with a particular focus on improving rural communities' access to water."
text,25,0,data/raw/Nestle_2014_auto-paragraph-parsing.pdf,"Presidential greeting Then-President of the Swiss Confederation, Didier Burkhalter, is greeted by Peter Brabeck-Letmathe, Nestlé Chairman, at the 2014 Creating Shared Value Forum in Switzerland."
text,25,0,data/raw/Nestle_2014_auto-paragraph-parsing.pdf,Creating Shared Value - our way of doing business It is our fundamental belief that for a company to prosper over the long term we need to create value for shareholders while at the same time creating value for society.
text,25,0,data/raw/Nestle_2014_auto-paragraph-parsing.pdf,We call this Creating Shared Value. In the Nestlé in society report we detail our progress towards meeting our 38 Creating Shared Value commitments (including three new ones for 2014).
text,25,0,data/raw/Nestle_2014_auto-paragraph-parsing.pdf,"These commitments, which we introduced in 2013, make it possible for stakeholders to hold us accountable, while at the same time encouraging our management, and all our employees, to achieve continuous improvement."
text,25,0,data/raw/Nestle_2014_auto-paragraph-parsing.pdf,"Creating Shared Value requires compliance with the highest standards of business practice, including international codes and standards as well as our own."
text,25,0,data/raw/Nestle_2014_auto-paragraph-parsing.pdf,"Global companies like Nestlé have a role to play and can make a valuable contribution to the efforts to address some of the critical issues the world faces, such as food security, nutrition and health, water, sustainability and human rights."
text,25,0,data/raw/Nestle_2014_auto-paragraph-parsing.pdf,"Our Creating Shared Value approach focuses the business on the long term, where the success of society and economic activity are intertwined and mutually reinforcing."
text,25,0,data/raw/Nestle_2014_auto-paragraph-parsing.pdf,"In 2014, at our sixth Creating Shared Value Forum, held in Switzerland, participants discussed how civil society and the private sector could work in partnership to strengthen and speed up sustainable development, focusing on the key areas of nutrition, water and rural development."
text,25,1,data/raw/Nestle_2014_auto-paragraph-parsing.pdf,"""We believe that there should be universal access to truly safe, not only improved, drinking water by 2025."" Peter Brabeck-Letmathe, Nestlé Chairman, addressing the CSV Forum."
text,25,1,data/raw/Nestle_2014_auto-paragraph-parsing.pdf,"Bees make honey The 2014 Nestlé Creating Shared Value prize was awarded to Honey Care Africa, an East African fair trade honey company, which works with farmers in South Sudan."
text,26,0,data/raw/Nestle_2014_auto-paragraph-parsing.pdf,"Another research breakthrough A researcher at the Nestlé System Technology Centre in Orbe, Switzerland, where many Nestlé technology systems have originated, including Nespresso VertuoLine."
text,26,0,data/raw/Nestle_2014_auto-paragraph-parsing.pdf,Nespresso VertuoLine - a coffee revolution for North America Nestlé Nespresso's revolutionary system - VertuoLine - was launched in 2014 in the US and Canada.
text,26,0,data/raw/Nestle_2014_auto-paragraph-parsing.pdf,"It brews long cups, matching North American preferences, as well as authentic espresso. The new system introduces Centrifusion technology to achieve a high level of precision, using bar-code recognition to adjust the extraction parameters for each Grand Cru coffee, delivering the perfect cup."
text,26,0,data/raw/Nestle_2014_auto-paragraph-parsing.pdf,"VertuoLine is pioneering a new segment of highest-quality, long-cup, freshly-brewed coffee. It brings the quality seal of espresso, the crema, to the world of freshly-brewed long-cup coffee."
text,26,0,data/raw/Nestle_2014_auto-paragraph-parsing.pdf,It is the most important innovation breakthrough for Nestlé Nespresso since the invention of portioned coffee in 1986.
text,26,0,data/raw/Nestle_2014_auto-paragraph-parsing.pdf,"VertuoLine features a new line of 12 Grands Crus, eight large-cup coffees and four espresso blends."
text,26,0,data/raw/Nestle_2014_auto-paragraph-parsing.pdf,"The machine is sold directly to consumers through the network of Nespresso boutiques, over the phone and online and at selected North American retailers."
text,26,0,data/raw/Nestle_2014_auto-paragraph-parsing.pdf,The VertuoLine rotates the coffee capsule 7000 times a minute to extract every drop of flavour.
text,26,1,data/raw/Nestle_2014_auto-paragraph-parsing.pdf,"Ensuring a sustainable supply of the best quality coffee is a top priority for Nespresso The Nespresso AAA Sustainable Quality Programme, developed with the Rainforest Alliance, was launched in 2003."
text,26,1,data/raw/Nestle_2014_auto-paragraph-parsing.pdf,It aims to secure the highest sustainable quality coffee for Nespresso's Grands Crus while helping to improve the livelihoods of coffee farmers and their families through support and training.
text,26,1,data/raw/Nestle_2014_auto-paragraph-parsing.pdf,"Nespresso pays above-market prices for its coffee beans, as part of its commitment in the programme."
text,28,0,data/raw/Nestle_2014_auto-paragraph-parsing.pdf,"The Nespresso story began with a simple idea: enable anyone to create the perfect cup of espresso coffee, just like a skilled barista."
text,28,0,data/raw/Nestle_2014_auto-paragraph-parsing.pdf,"From its beginning in 1986, Nespresso has redefined and revolutionised the way millions of people enjoy their espresso coffee."
text,28,0,data/raw/Nestle_2014_auto-paragraph-parsing.pdf,The entire Nespresso system - the interaction of the Nespresso aluminium capsule with the Nespresso machine - is designed to ensure the highest quality that has made Nespresso the reference point in the portioned coffee sector and one of the fastest-growing global food and beverage brands.
text,28,0,data/raw/Nestle_2014_auto-paragraph-parsing.pdf,Continuing to deliver the highest-quality espresso coffee through Nespresso Nespresso's new coffee technology is delivering both American-style large-cup coffee and espresso to North American consumers.
text,29,0,data/raw/Nestle_2014_auto-paragraph-parsing.pdf,Across the world societies are getting older and the burden of healthcare costs is increasing.
text,29,0,data/raw/Nestle_2014_auto-paragraph-parsing.pdf,"More than ever there is a need for safe, effective and affordable solutions to help people stay healthy."
text,29,0,data/raw/Nestle_2014_auto-paragraph-parsing.pdf,Our understanding of the importance of good nutrition to help manage health and treat disease continues to grow.
text,29,0,data/raw/Nestle_2014_auto-paragraph-parsing.pdf,"We will play our part in addressing the issues the world faces with the strategy we set out some time ago: expanding the boundaries of Nutrition, Health and Wellness, investigating the role of diet and nutrition in health, and innovating and renovating constantly to provide effective solutions based on science."
text,29,0,data/raw/Nestle_2014_auto-paragraph-parsing.pdf,Building on the strong foundation of our food and beverages business we will expand our portfolio to provide promising platforms for future growth.
text,29,0,data/raw/Nestle_2014_auto-paragraph-parsing.pdf,"We also need to attract and retain the best talent: we are pleased that regularly Nestlé is ranked as one of the best global employers, but we are not complacent."
text,29,0,data/raw/Nestle_2014_auto-paragraph-parsing.pdf,We work hard to offer our staff the opportunity to grow and develop throughout their careers.
text,29,0,data/raw/Nestle_2014_auto-paragraph-parsing.pdf,"We report on the result of our efforts in these pages; in nutrition, in sustainable production, workplace policies and more."
text,30,0,data/raw/Nestle_2014_auto-paragraph-parsing.pdf,Changing the course of health Nestlé Health Science is a company engaged in advancing the role for nutritional therapy in the management of people's health through investing in innovation and leveraging leading edge science.
text,30,0,data/raw/Nestle_2014_auto-paragraph-parsing.pdf,"By 2020, one billion people in the world will be over 60, increasing the burden on society from obesity and chronic diseases."
text,30,0,data/raw/Nestle_2014_auto-paragraph-parsing.pdf,It is estimated global healthcare costs could rise to between USD 5-10 trillion by the end of the decade.
text,30,0,data/raw/Nestle_2014_auto-paragraph-parsing.pdf,"At the same time scientific understanding of health, disease and the potential of nutrition is growing."
text,30,0,data/raw/Nestle_2014_auto-paragraph-parsing.pdf,"Nestlé Health Science aims to champion the role of nutritional therapies that have proven clinical and health economic value, and improve the quality of people's lives."
text,30,0,data/raw/Nestle_2014_auto-paragraph-parsing.pdf,"The company focuses on three areas: Consumer Care, which aims to address specific health conditions with an emphasis on enhancing 'healthy ageing'; Medical Nutrition, which supplies hospitals and other healthcare facilities; and Novel Therapeutic Nutrition, which works on new nutritional therapies (including prescribed medicines) for specific diseases and conditions that would be administered by a health professional."
text,30,0,data/raw/Nestle_2014_auto-paragraph-parsing.pdf,"Nestlé Health Science products Nestlé Health Science has a range of nutrition solutions, diagnostics, devices and drugs that target health areas, such as paediatric and acute care, metabolic and obesity care, healthy ageing, and gastrointestinal and brain health."
text,30,0,data/raw/Nestle_2014_auto-paragraph-parsing.pdf,"Technology health product hub The Product Technology Centre in Konolfingen, Switzerland, develops and manufactures a range of products for Nestlé Health Science."
text,30,0,data/raw/Nestle_2014_auto-paragraph-parsing.pdf,"Young at heart Meritene, launched in Europe, is a nutritional range targeting age-related health challenges."
text,30,0,data/raw/Nestle_2014_auto-paragraph-parsing.pdf,Nestlé Institute of Health Sciences is involved in over 170 research collaborations with more than 60 partners.
text,31,0,data/raw/Nestle_2014_auto-paragraph-parsing.pdf,Nestlé Health Science is supported in its work by the Nestlé Institute of Health Sciences (NIHS) which undertakes fundamental scientific research into how nutrition can be used to empower people to improve and maintain their health.
text,31,0,data/raw/Nestle_2014_auto-paragraph-parsing.pdf,"NIHS research teams are providing greater insight into how our environment, diet and lifestyle intersect with our genetic make-up, gut microorganisms, metabolism and nutritional status to determine our health."
text,31,0,data/raw/Nestle_2014_auto-paragraph-parsing.pdf,NIHS has established the first complete essential nutrient profiling platform for accurate analysis of nutrient status.
text,31,0,data/raw/Nestle_2014_auto-paragraph-parsing.pdf,"Thanks to the development of digital applications that capture dietary intake, the institute can now combine the information about the nutritional content of diet with measurements in people's blood."
text,31,0,data/raw/Nestle_2014_auto-paragraph-parsing.pdf,"This research offers the prospect of developing personalised nutrition products, including dietary recommendations. It has also built a natural products screening platform to discover compounds that may already exist in diets around the world and which can be used to improve metabolic and ageing health."
text,31,1,data/raw/Nestle_2014_auto-paragraph-parsing.pdf,"Special milk for seniors Nestlé's Jian Xin Double Care, a specially designed milk to enhance heart and bone health for middle-aged and senior adults, was launched in China in December 2013."
text,31,1,data/raw/Nestle_2014_auto-paragraph-parsing.pdf,"The product contains phytosterols, which lower LDL ('bad') cholesterol, as well as calcium and vitamin D."
text,31,1,data/raw/Nestle_2014_auto-paragraph-parsing.pdf,The brand raises awareness of heart health with in-store health checks and offers toll-free phone contact with doctors to discuss cardiovascular health.
text,31,1,data/raw/Nestle_2014_auto-paragraph-parsing.pdf,"Nestlé biscuits Nestlé Fitness biscuits are wholegrain cereal-based snacks low in fat and calories. After just three years, Nestlé Fitness biscuits hold the number one position in Brazil's healthy biscuit segment."
text,31,1,data/raw/Nestle_2014_auto-paragraph-parsing.pdf,"The biscuits are sold across South America and in Israel. Close concentration A scientist at work in the Nestlé Institute of Health Sciences, located on the EPFL campus near Lausanne, Switzerland."
text,31,1,data/raw/Nestle_2014_auto-paragraph-parsing.pdf,"Fortified morn Golden Morn is a ready-to-eat breakfast cereal sold in Nigeria, made of maize or millet, and fortified with micronutrients vitamin A and iron."
text,32,0,data/raw/Nestle_2014_auto-paragraph-parsing.pdf,The initiative has two aims - to recruit and develop the next generation of Nestlé leaders and to help young people with the transition from education to work.
text,32,0,data/raw/Nestle_2014_auto-paragraph-parsing.pdf,"For the Nestlé Needs YOUth programme in Europe, where one in four people under the age of 25 is unemployed, we pledged to offer 20 000 jobs, apprenticeships and traineeships over three years, and establish readiness for work activities across our operations."
text,32,0,data/raw/Nestle_2014_auto-paragraph-parsing.pdf,We are well on schedule to achieve this with 11 832 job and training opportunities created by the end of 2014 and around 1600 readiness for work events completed.
text,32,0,data/raw/Nestle_2014_auto-paragraph-parsing.pdf,"We built on the success of this initiative in 2014 by establishing the Alliance for YOUth, a collaboration with around 200 other companies, to scale up and coordinate our efforts to tackle youth unemployment."
text,32,0,data/raw/Nestle_2014_auto-paragraph-parsing.pdf,The efforts of the Alliance for YOUth will result in the creation of more than 100 000 opportunities for young people in Europe.
text,32,0,data/raw/Nestle_2014_auto-paragraph-parsing.pdf,"We will continue to lead the initiative to help tackle youth unemployment in Europe and globally, offering young people the chance of a more secure and productive future."
text,32,0,data/raw/Nestle_2014_auto-paragraph-parsing.pdf,"Hiring young talent A group of newly-hired Nestlé employees in Greece, where we launched our European Employment Initiative in 2013."
text,32,0,data/raw/Nestle_2014_auto-paragraph-parsing.pdf,Rates of unemployment in the country are among the highest in Europe.
text,34,0,data/raw/Nestle_2014_auto-paragraph-parsing.pdf,The Nescafé Dolce Gusto factory in Germany is among the many Nestlé sites in Europe hiring young talent.
text,34,0,data/raw/Nestle_2014_auto-paragraph-parsing.pdf,Extending new job opportunities to European youth Helping young people become better prepared to enter the professional world and to improve their chances in a challenging job market is one of the great public policy issues in Europe today.
text,34,0,data/raw/Nestle_2014_auto-paragraph-parsing.pdf,"With youth unemployment in Europe at over 20%, we are committed to working hand in hand with policymakers and the education sector to foster both employability and job creation."
text,34,0,data/raw/Nestle_2014_auto-paragraph-parsing.pdf,"Building on our efforts, around 200 companies have now joined forces with us to tackle protracted joblessness among young people in Europe."
text,35,0,data/raw/Nestle_2014_auto-paragraph-parsing.pdf,"""Nestlé builds success and our culture on strong diversity. We will accelerate gender balance. Women represent 80% of our consumer spending decisions. 60% of graduates in the EU and USA are women."
text,35,0,data/raw/Nestle_2014_auto-paragraph-parsing.pdf,"Improving gender balance will enrich our leadership and improve consumer understanding."" Paul Bulcke, Nestlé Chief Executive Officer Gender balance and diversity We want to create a workplace culture that provides equal opportunities for everyone and ensures that people are always treated with dignity and respect."
text,35,0,data/raw/Nestle_2014_auto-paragraph-parsing.pdf,Our talent pool should reflect the societies in which we operate and promoting gender balance and diversity makes good business sense.
text,35,0,data/raw/Nestle_2014_auto-paragraph-parsing.pdf,We believe that different ways of thinking complement each other and lead to better decisions being made.
text,35,0,data/raw/Nestle_2014_auto-paragraph-parsing.pdf,"Diverse teams are more creative, inclusive and competitive, and better reflect the markets we serve."
text,35,0,data/raw/Nestle_2014_auto-paragraph-parsing.pdf,We are a growing business and we need to recruit and nurture the best qualified people.
text,35,0,data/raw/Nestle_2014_auto-paragraph-parsing.pdf,This is not just about meeting a talent gap or the expectations of regulators. Gender balance and diversity strengthen our business.
text,35,0,data/raw/Nestle_2014_auto-paragraph-parsing.pdf,"In 2014, 33.5% of our managers were women, up from 31% in 2013. We promote gender balance by focusing on awareness and education, flexible working, mentoring and mobility solutions."
text,35,1,data/raw/Nestle_2014_auto-paragraph-parsing.pdf,"However, more remains to be done. Removing all gender-related barriers to women reaching top management positions is a priority for the company."
text,35,1,data/raw/Nestle_2014_auto-paragraph-parsing.pdf,"Quotas are not the answer. We prefer to take strategic decisions with the pri - mary goal of increasing the diversity and gender balance of our talent pool, but always promoting the best qualified person for each role."
text,35,1,data/raw/Nestle_2014_auto-paragraph-parsing.pdf,We recognise too that we have responsibilities to promote gender balance and diversity in our supply chains.
text,35,1,data/raw/Nestle_2014_auto-paragraph-parsing.pdf,"We have taken steps, such as our work with the Fair Labor Association on the role of women in the communities that supply us with cocoa, to increase women's participation in these areas in a sustainable way."
text,35,1,data/raw/Nestle_2014_auto-paragraph-parsing.pdf,"Since we signed the United Nations Women's Empowerment Principles, a set of seven steps that businesses can take to advance gender equality and empower women, more than 700 000 women around the world have been empowered with the support of Nestlé's programmes through education and other means."
text,35,1,data/raw/Nestle_2014_auto-paragraph-parsing.pdf,Ongoing learning The training sessions at the Rive-Reine international training centre in Switzerland provide additional education and training opportunities to Nestlé employees.
text,35,1,data/raw/Nestle_2014_auto-paragraph-parsing.pdf,"Helping protect women in the workplace The Infant Nutrition team in India was looking to increase women in the field force, especially since they would be able to bring their personal insights and experience to the table."
text,35,1,data/raw/Nestle_2014_auto-paragraph-parsing.pdf,A number of factors had to be considered in hiring women as a part of the field force.
text,35,1,data/raw/Nestle_2014_auto-paragraph-parsing.pdf,These were both cultural and logistical: safety of women during their travel and stay across locations being of prime importance.
text,36,0,data/raw/Nestle_2014_auto-paragraph-parsing.pdf,"Today our people are carrying out 170 water-saving projects in Nestlé factories, which will save around 3.6 million cubic metres of water."
text,36,0,data/raw/Nestle_2014_auto-paragraph-parsing.pdf,"Zero water - reducing water use in Mexico In 2014, we transformed a dairy factory in Mexico into the company's first 'zero water' manufacturing site in the world."
text,36,0,data/raw/Nestle_2014_auto-paragraph-parsing.pdf,"Cow's milk is 88% water, so by extracting some of it to use in the factory's systems, we are saving enough water to meet the average daily consumption of 6 400 people in the surrounding area."
text,36,0,data/raw/Nestle_2014_auto-paragraph-parsing.pdf,"The new technology used at the factory in Jalisco, Mexico, heats milk at low pressure to remove some of the water."
text,36,0,data/raw/Nestle_2014_auto-paragraph-parsing.pdf,The resulting steam is then condensed and treated and used to clean machines. It is then recycled and used again.
text,36,0,data/raw/Nestle_2014_auto-paragraph-parsing.pdf,The process reduces by 15% the total amount of water used by Nestlé Mexico. Work is now underway to deploy similar technology in five other manufacturing sites in water stressed areas around the world.
text,36,0,data/raw/Nestle_2014_auto-paragraph-parsing.pdf,"It is just one of a number of water-saving initiatives we have introduced in recent years, allowing us to reduce total water withdrawal in absolute terms by almost one third in the last decade."
text,36,0,data/raw/Nestle_2014_auto-paragraph-parsing.pdf,"Safety at top of priority list In March 2014, we opened the Nestlé Food Safety Institute in Beijing, China."
text,36,0,data/raw/Nestle_2014_auto-paragraph-parsing.pdf,"The new centre has three objectives: to collaborate with Chinese universities, research institutes and regulatory authorities in food safety research; to increase our ability to assess risks, anticipate problems and provide accurate information in any food safety situations; and to engage on scientific communication and food safety training."
text,36,1,data/raw/Nestle_2014_auto-paragraph-parsing.pdf,The water resource savings at the factory are equivalent to the volume needed per day to fill an Olympicsize swimming pool.
text,38,0,data/raw/Nestle_2014_auto-paragraph-parsing.pdf,Nestlé is deeply integrated into people's lives with many buying our products on a daily basis.
text,38,0,data/raw/Nestle_2014_auto-paragraph-parsing.pdf,"This gives us opportunities to contribute meaningfully to their quality of life. It is what our promise of Good Food, Good Life is all about: offering the best tasting, healthiest choices across a wide range of food and beverages, from morning to night and throughout life, helping people to live more enjoyable, healthy lives."
text,38,0,data/raw/Nestle_2014_auto-paragraph-parsing.pdf,"However, today, even brands that enjoy a high level of loyalty and trust need attentiongrabbing, engaging consumer communication to ensure they remain relevant to consumers."
text,38,0,data/raw/Nestle_2014_auto-paragraph-parsing.pdf,"Therefore, excellence in brandbuilding discipline and conviction about the importance of strong, sustainable brand equity is more important than ever, especially in an increasingly complex and crowded digital world."
text,40,0,data/raw/Nestle_2014_auto-paragraph-parsing.pdf,"Nestlé Pure Life, launched in 1998, is available in 41 countries from 56 production sources."
text,40,0,data/raw/Nestle_2014_auto-paragraph-parsing.pdf,"It became the first bottled water brand to carry the Nestlé name, strengthening our NHW strategy."
text,40,0,data/raw/Nestle_2014_auto-paragraph-parsing.pdf,"The brand was introduced in Europe in 2000 as Nestlé Aquarel, where it adopted a multi-source model."
text,40,0,data/raw/Nestle_2014_auto-paragraph-parsing.pdf,"Today, Nestlé Pure Life is available as still and sparkling water in a variety of bottle sizes, from bottles that are small enough for a child to hold, to bigger sizes for a family, or for an office."
text,40,0,data/raw/Nestle_2014_auto-paragraph-parsing.pdf,"In 2010, Nestlé Pure Life became the top-selling bottled water in the United States, where it is the standard bearer for the Drink Better."
text,40,0,data/raw/Nestle_2014_auto-paragraph-parsing.pdf,"Live Better. movement to promote drinking water as a natural, healthier, low-calorie option for hydration."
text,40,0,data/raw/Nestle_2014_auto-paragraph-parsing.pdf,"In our healthy hydration communication, we emphasise the needs of families, and specifically mothers and caregivers."
text,40,0,data/raw/Nestle_2014_auto-paragraph-parsing.pdf,"Water is the best way to hydrate, and we want to safeguard healthy habits in future generations."
text,40,0,data/raw/Nestle_2014_auto-paragraph-parsing.pdf,Nestlé Pure Life is the world's top-selling water brand by value and our biggest bottled water brand.
text,40,0,data/raw/Nestle_2014_auto-paragraph-parsing.pdf,"A high-quality brand with an affordable price and reliable purity; it is the best choice for healthy family hydration. 56 Nestlé Pure Life production sources worldwide N˚1 bottled water brand in the world, in value More than 1500 glasses drunk every second worldwide 16 year old brand countries Present in 41"
text,42,0,data/raw/Nestle_2014_auto-paragraph-parsing.pdf,"Parents want their children to make the most of their potential. Nestlé Milo, which is mainly consumed by children aged 7-12, can help to provide the nourishing energy they need to succeed."
text,42,0,data/raw/Nestle_2014_auto-paragraph-parsing.pdf,"Activ-Go plays a role in energy release, muscle function, bone maintenance and red blood cell formation, all essential for physical activity."
text,42,0,data/raw/Nestle_2014_auto-paragraph-parsing.pdf,"The re-launched recipe with Activ-Go was developed by our scientists and introduced in 2014 in Indonesia, Malaysia and Vietnam."
text,42,0,data/raw/Nestle_2014_auto-paragraph-parsing.pdf,"It will be launched in other Asian, African and Latin American countries this year. Nestlé Milo celebrated its 80th birthday in 2014."
text,42,0,data/raw/Nestle_2014_auto-paragraph-parsing.pdf,It was created by Nestlé engineer Thomas Mayne to help children who had poor diets get sufficient nutrition.
text,42,0,data/raw/Nestle_2014_auto-paragraph-parsing.pdf,"He created Nestlé Milo from malt, milk and cocoa to give children the nutritious energy they need to get the best out of their day."
text,42,0,data/raw/Nestle_2014_auto-paragraph-parsing.pdf,"It was launched at the Sydney Easter Show in 1934. Nestlé Milo has been a staunch supporter of youth sports throughout its history, and has fuelled generations through their formative years."
text,42,0,data/raw/Nestle_2014_auto-paragraph-parsing.pdf,"Nestlé Milo, an iconic brand with a long and distinguished history, has been re-launched in parts of South East Asia and Africa with a new visual identity and a branded active benefit, Activ-Go."
text,42,0,data/raw/Nestle_2014_auto-paragraph-parsing.pdf,It is made from a unique malt extract and a combination of nine micronutrients (six vitamins and three minerals). 11.4 billion servings fortified with iron each year 6 vitamins and 3 minerals in Nestlé Milo Activ-Go3 6 cups of Nestlé Milo consumed every day Nourishing champions for countries Present in 47 80 32 years mio Written as  in the excel file
text,44,0,data/raw/Nestle_2014_auto-paragraph-parsing.pdf,The successful roll-out of Maggi Oats Noodles demonstrated that healthy eating can be both enjoyable and tasty.
text,44,0,data/raw/Nestle_2014_auto-paragraph-parsing.pdf,"Strong sales of the new product show that it is also good business. Maggi Oats Noodles meet Nestlé Nutritional Foundation criteria, which are based on public health recommendations."
text,44,0,data/raw/Nestle_2014_auto-paragraph-parsing.pdf,"The consumer communication reinforces the importance for families to start the day with a well-balanced breakfast, including fruits and milk."
text,44,0,data/raw/Nestle_2014_auto-paragraph-parsing.pdf,"In 2014, we continued to renovate Maggi products all around the world, reducing salt and fat and improving their nutritional benefits."
text,44,0,data/raw/Nestle_2014_auto-paragraph-parsing.pdf,The Maggi company began selling powdered soups in Switzerland in 1885. Julius Maggi had pioneered the production of pea and bean soups at the request of the Swiss Public Welfare Society to address the dietary deficiency of the working population.
text,44,0,data/raw/Nestle_2014_auto-paragraph-parsing.pdf,"The advent of factory work for women meant less time to prepare food, and the soups were a convenient and nourishing alternative."
text,44,0,data/raw/Nestle_2014_auto-paragraph-parsing.pdf,"Maggi entered the Nestlé family in 1947, when the holding company, Alimentana S.A., merged with Nestlé to become Nestlé Alimentana S.A."
text,44,0,data/raw/Nestle_2014_auto-paragraph-parsing.pdf,"Last year, Maggi created a new breakfast option for the Indian market, Maggi Oats Noodles, offering Nutrition, Health and Wellness in a bowl."
text,44,0,data/raw/Nestle_2014_auto-paragraph-parsing.pdf,"The noodles are made from 51% wholegrain oat flour, fibre (equivalent to one bowl of oats), with a real vegetable garnish, as well as the popular authentic masala taste. 5.2 billion noodle packs sold per year countries where Maggi products are sold fortified servings everyday 250 130 mio of salt reduced since 2005 12 600 tonnes"
text,45,0,data/raw/Nestle_2014_auto-paragraph-parsing.pdf,"Financial review Group sales (in CHF) 91.6 billion Organic growth 4.5% Real internal growth 2.3% Trading operating profit (in CHF) 14.0 billion Trading operating profit margin 15.3% +30 basis points constant currencies Earnings per share (in CHF) 4.54 Underlying earnings per share +4.4% constant currencies Operating cash flow (in CHF) 14.7 billion Free cash flow (in CHF) 14.1 billion Proposed dividend (in CHF) 2.20 Proposed dividend increase +2.3% Outlook While delivering in the short term, we remain focused on our business long term, strengthening the foundations of future growth."
text,45,0,data/raw/Nestle_2014_auto-paragraph-parsing.pdf,"We expect 2015 to be similar to 2014 and we aim to achieve organic growth of around 5% with improvements in margins, underlying earnings per share in constant currencies and capital efficiency."
text,46,0,data/raw/Nestle_2014_auto-paragraph-parsing.pdf,In millions of CHF 2013 2014 RIG (%) OG (%) Powdered and Liquid Beverages Soluble coffee / coffee systems 9 619 9 328 45.9% Other 10 876 10 974 54.1% Total sales 20 495 20 302 100.0% +4.2% +5.4% Trading operating profit 4 649 4 685 23.1% Water Total sales 6 773 6 875 +6.2% +5.3% Trading operating profit 678 710 10.3% Milk products and Ice cream Milk products 13 010 12 626 75.4% Ice cream 4 347 4 117 24.6% Total sales 17 357 16 743 100.0% -1.0% +3.4% Trading operating profit 2 632 2 701 16.1% Nutrition and Health Science (a) Total sales 11 840 13 046 +5.3% +8.7% Trading operating profit 2 228 2 723 20.9% Prepared dishes and cooking aids Frozen and chilled 7 782 7 302 53.9% Culinary and other 6 389 6 236 46.1% Total sales 14 171 13 538 100.0% -1.2% -0.1% Trading operating profit 1 876 1 808 13.4% Confectionery Chocolate 7 477 7 053 72.2% Sugar confectionery 1 230 1 148 11.7% Biscuits 1 576 1 568 16.1% Total sales 10 283 9 769 100.0% -0.1% +4.2% Trading operating profit 1 630 1 344 13.8% PetCare Total sales 11 239 11 339 +5.0% +5.6% Trading operating profit 2 163 2 246 19.8% (a) Renamed following the integration of Galderma as from July 2014.
text,47,0,data/raw/Nestle_2014_auto-paragraph-parsing.pdf,"Introduction In 2014 we delivered strong results in a soft trading environment, building on the good growth of past years."
text,47,0,data/raw/Nestle_2014_auto-paragraph-parsing.pdf,"They demonstrate the intrinsic strengths of Nestlé: the commitment of our people, our global footprint, the strength of our portfolio and the quality of our innovation."
text,47,0,data/raw/Nestle_2014_auto-paragraph-parsing.pdf,"While delivering in the short term, we remain focused on our business long term, strengthening the foundations of future growth."
text,47,0,data/raw/Nestle_2014_auto-paragraph-parsing.pdf,"Employees by geographic area 2013 2014 Europe (a) 28.0% 28.2% Americas 32.5% 32.7% Asia, Oceania and Africa 39.5% 39.1% Total 100.0% 100.0% (a) 11 177 employees in Switzerland in 2014."
text,47,0,data/raw/Nestle_2014_auto-paragraph-parsing.pdf,Factories by geographic area Nestlé has operations in 197 countries and 442 factories in 86 countries.
text,47,0,data/raw/Nestle_2014_auto-paragraph-parsing.pdf,"Eight were acquired during the year and 13 divested. 2013 2014 Europe 140 136 Americas 164 163 Asia, Oceania and Africa 143 143 Total 447 442 Employees by activity In thousands 2013 2014 Factories 178 175 Administration and sales 155 164 Total 333 339"
text,48,0,data/raw/Nestle_2014_auto-paragraph-parsing.pdf,"Operating segments: trading operating profit In % of sales Zone Europe 15.3 Zone Americas 18.8 Zone Asia, Oceania and Africa 18.7 Nestlé Waters 9.7 Nestlé Nutrition 20.8 Other businesses (a) 19.1 (a) Mainly Nespresso, Nestlé Professional, Nestlé Health Science and Nestlé Skin Health (renamed following the integration of Galderma as from July 2014)."
text,48,0,data/raw/Nestle_2014_auto-paragraph-parsing.pdf,Trading operating profit 14 000 15.2% 13 500 15.0% 13 000 14.8%
text,48,1,data/raw/Nestle_2014_auto-paragraph-parsing.pdf,"2013 2014 P In millions of CHF P In % of sales Principal key figures (a) (illustrative) in CHF, USD, EUR In millions (except for data per share) Total CHF Total CHF Total USD Total USD Total EUR Total EUR 2013 2014 2013 2014 2013 2014 Sales 92 158 91 612 99 452 99 961 74 858 75 431 Trading operating profit 14 047 14 019 15 159 15 296 11 410 11 543 Profit for the period attributable to shareholders of the parent (Net profit) 10 015 14 456 10 808 15 774 8 135 11 903 Equity attributable to shareholders of the parent 62 575 70 130 70 329 70 863 51 030 58 307 Market capitalisation, end December 208 279 231 136 234 087 233 553 169 850 192 170 Data per share Basic earnings per share 3.14 4.54 3.39 4.95 2.55 3.74 (a) Income statement figures translated at weighted average annual rate; Balance sheet figures at year-end rate. 14 019 14 047 15.3% 15.2%"
text,49,1,data/raw/Nestle_2014_auto-paragraph-parsing.pdf,"40.0 CHF billion Each region includes sales of the Zones, Nestlé Waters, Nestlé Nutrition, Nespresso, Nestlé Professional, Nestlé Health Science and Nestlé Skin Health."
text,49,1,data/raw/Nestle_2014_auto-paragraph-parsing.pdf,"Group results In 2014 Nestlé's organic growth was 4.5%, composed of 2.3% real internal growth and 2.2% pricing."
text,49,1,data/raw/Nestle_2014_auto-paragraph-parsing.pdf,"Sales were CHF 91.6 billion, down 0.6%, impacted by negative foreign exchange of -5.5%. Acquisitions, net of divestitures, added 0.4% to sales."
text,49,1,data/raw/Nestle_2014_auto-paragraph-parsing.pdf,"The Group's trading operating profit was CHF 14.0 billion, representing a margin of 15.3%, up 10 basis points, and up 30 basis points in constant currencies."
text,49,2,data/raw/Nestle_2014_auto-paragraph-parsing.pdf,"The cost of goods sold fell by 30 basis points as a percentage of sales, driven by product mix and pricing actions and savings created by Nestlé Continuous Excellence which more than offset increases in raw material costs."
text,49,2,data/raw/Nestle_2014_auto-paragraph-parsing.pdf,Distribution costs were up by 10 basis points. Total marketing and administration expenses rose by 10 basis points as we increased consumer facing marketing support for our brands.
text,49,2,data/raw/Nestle_2014_auto-paragraph-parsing.pdf,Net profit rose CHF 4.4 billion to CHF 14.5 billion. The increase also reflects the profit realised on the disposal of part of the stake in L'Oréal and the revaluation gain on the 50% of Galderma already held when the Group brought its ownership from 50% to 100%.
text,49,2,data/raw/Nestle_2014_auto-paragraph-parsing.pdf,"Reported earnings per share were CHF 4.54, up 44.6%. Underlying earnings per share in constant currencies were up 4.4%."
text,49,2,data/raw/Nestle_2014_auto-paragraph-parsing.pdf,The Group's operating cash flow remained strong at CHF 14.7 billion.
text,49,3,data/raw/Nestle_2014_auto-paragraph-parsing.pdf,"Geographic sales as % of total sales Asia, Oceania and Africa 29% Europe 28% Americas 43% P Americas +5.4% CHF 39.4 billion P Europe +1.9% CHF 25.9 billion P Asia, Oceania and Africa +5.7% CHF 26.3 billion"
text,50,0,data/raw/Nestle_2014_auto-paragraph-parsing.pdf,"Business review The Nestlé Group's organic growth was broad-based, 5.4% in the Americas, 1.9% in Europe and 5.7% in Asia, Oceania and Africa."
text,50,0,data/raw/Nestle_2014_auto-paragraph-parsing.pdf,"Our business in developed markets grew 1.1%, achieving sales of CHF 51.4 billion. Our emerging markets business grew 8.9%, delivering sales of CHF 40.2 billion."
text,50,0,data/raw/Nestle_2014_auto-paragraph-parsing.pdf,"Real internal growth was 2.3% in the Americas, 2.4% in Europe and 2.4% in Asia, Oceania and Africa."
text,50,0,data/raw/Nestle_2014_auto-paragraph-parsing.pdf,"In 2014 we created Nestlé Skin Health, complementing Nestlé Health Science, further expanding our existing food and beverage business in line with our strategic ambition to be the world's recognised leading Nutrition, Health and Wellness company."
text,50,1,data/raw/Nestle_2014_auto-paragraph-parsing.pdf,"We also established Nestlé Business Excellence at Executive Board level, aggregating business support services. This allows us to better leverage our scale, decrease structural costs, increase the quality of support services and free up resources to deliver growth and to allow our markets to focus on generating demand."
text,50,2,data/raw/Nestle_2014_auto-paragraph-parsing.pdf,Sales by geographic areas Differences 2014/2013 (in %) By principal markets in CHF in local currency in CHF millions 2014 United States +0.7% +1.8% 23 489 Greater China Region +0.3% +1.6% 6 638 France -1.3% +0.1% 5 507 Brazil +0.0% +10.6% 5 117 Germany +0.6% +2.0% 3 340 United Kingdom +5.8% +1.7% 2 987 Mexico -6.9% -1.8% 2 960 Philippines +3.3% +9.4% 2 489 Italy +0.5% +1.9% 2 108 Canada -5.0% +2.9% 1 962 Spain +0.7% +2.1% 1 856 Russia -6.5% +13.4% 1 731 Australia -8.6% -0.8% 1 622 Switzerland +3.5% +3.5% 1 566 Japan -5.0% +4.1% 1 491 Rest of the world -1.2% (a) 26 749 By continent Europe -0.6% (a) 25 903 United States and Canada +0.8% (a) 25 601 Asia +1.5% (a) 20 801 Latin America and Caribbean -5.0% (a) 13 836 Africa +0.7% (a) 3 421 Oceania -7.7% (a) 2 050 Total -0.6% (a) 91 612 (a) Not applicable.
text,51,0,data/raw/Nestle_2014_auto-paragraph-parsing.pdf,"Zone Americas Sales of CHF 27.3 billion, 5.0% organic growth, 1.1% real internal growth; 18.8% trading operating profit margin, +60 basis points."
text,51,0,data/raw/Nestle_2014_auto-paragraph-parsing.pdf,The Zone's organic growth was supported by double-digit growth for Nescafé Dolce Gusto and strong performances in ambient dairy and petcare.
text,51,0,data/raw/Nestle_2014_auto-paragraph-parsing.pdf,"In North America growth improved towards the end of the year while in Latin America good growth was helped by pricing, reflecting inflationary pressures."
text,51,0,data/raw/Nestle_2014_auto-paragraph-parsing.pdf,"Our performance in North America was affected by the frozen category. Projects are underway to reposition Lean Cuisine, Hot Pockets and Stouffers."
text,51,0,data/raw/Nestle_2014_auto-paragraph-parsing.pdf,"They address all elements of the marketing mix, reflecting trends such as organic and ethnic, enhancing the brands' relevance to consumers."
text,51,0,data/raw/Nestle_2014_auto-paragraph-parsing.pdf,We are taking the same approach in frozen pizza where our California Pizza Kitchen did well.
text,51,0,data/raw/Nestle_2014_auto-paragraph-parsing.pdf,"In ice cream the super premium segment performed well with Gelato, and snacks returned to growth, although the premium segment was subdued."
text,51,0,data/raw/Nestle_2014_auto-paragraph-parsing.pdf,In confectionery the successful roll-out of Butterfinger Peanut Butter Cups continued. Innovations like Natural Bliss and seasonal renovations of flavours helped Coffee-mate deliver good growth.
text,51,0,data/raw/Nestle_2014_auto-paragraph-parsing.pdf,"Innovation also ensured the petcare business in North America continued to grow with Dog Chow, Pro Plan and Tidy Cats Lightweight cat litter as highlights."
text,51,1,data/raw/Nestle_2014_auto-paragraph-parsing.pdf,The launch of Beyond natural pet food gained momentum. Latin America delivered good organic growth despite a worsening of the macroeconomic situation towards the end of the year.
text,51,1,data/raw/Nestle_2014_auto-paragraph-parsing.pdf,"Although consumer sentiment varied across the region, most markets did well. All Brazil's categories grew, with Ninho in growing-up milks, KitKat in confectionery, Nesfit in biscuits and Nescau in cocoa and malt beverages making strong contributions."
text,51,1,data/raw/Nestle_2014_auto-paragraph-parsing.pdf,"In Mexico the changes in fiscal legislation, pricing and subdued consumer demand affected the market."
text,51,1,data/raw/Nestle_2014_auto-paragraph-parsing.pdf,"Nescafé Dolce Gusto delivered double-digit growth across the region, while Dog Chow and Pro Plan drove sales in the petcare business."
text,51,1,data/raw/Nestle_2014_auto-paragraph-parsing.pdf,"Despite higher input costs the Zone's trading operating profit margin improved by 60 basis points to 18.8%, reflecting operational and structural efficiencies and lower other trading expenses."
text,51,1,data/raw/Nestle_2014_auto-paragraph-parsing.pdf,"Zone Europe Sales of CHF 15.2 billion, 1.5% organic growth, 2.2% real internal growth; 15.3% trading operating profit margin, +30 basis points."
text,51,1,data/raw/Nestle_2014_auto-paragraph-parsing.pdf,"Relative to the market this was good growth, driven by innovation and premiumisation. The European trading environment continued to be volatile and intense, with deflationary pressure increasing during the year and consumer confidence very fragile, reducing the flexibility to price."
text,51,2,data/raw/Nestle_2014_auto-paragraph-parsing.pdf,"Good performances in France, Switzerland, Austria and the Netherlands, and a recovery in Spain and Portugal supported the growth in Western Europe."
text,51,2,data/raw/Nestle_2014_auto-paragraph-parsing.pdf,"The Great Britain region, Germany, Italy and Greece were more challenged. There were strong performances from petcare and Nescafé Dolce Gusto across Western Europe and we saw good growth from innovations in several categories."
text,51,2,data/raw/Nestle_2014_auto-paragraph-parsing.pdf,"Highlights included Nescafé Gold and Azzera premium soluble coffee, Fresh Up and Buitoni Fiesta in frozen pizza, Maggi snacking noodles in ambient culinary and the launch of premium chocolate tablets Les Recettes de l'Atelier in France."
text,51,2,data/raw/Nestle_2014_auto-paragraph-parsing.pdf,"In Central and Eastern Europe, Russia and Ukraine drove the growth in a deteriorating economic environment."
text,51,2,data/raw/Nestle_2014_auto-paragraph-parsing.pdf,"Petcare, Nescafé Dolce Gusto, soluble coffee, particularly Gold Blend, and confectionery with KitKat were the highlights."
text,51,2,data/raw/Nestle_2014_auto-paragraph-parsing.pdf,The ongoing roll-out of Papyrus cooking papers in ambient culinary also continued to do well.
text,51,2,data/raw/Nestle_2014_auto-paragraph-parsing.pdf,"Petcare delivered broad-based growth across the Zone, further strengthening its positions, in particular through the premium category with Felix, Purina ONE and Gourmet, and our snacks range."
text,51,2,data/raw/Nestle_2014_auto-paragraph-parsing.pdf,"The Zone's trading operating profit margin was 15.3%, up 30 basis points, reflecting our achievements in leveraging our real internal growth and continuous improvement in efficiencies."
text,52,0,data/raw/Nestle_2014_auto-paragraph-parsing.pdf,Zone Americas (a) In millions of CHF 2013 2014 RIG (%) OG (%) United States and Canada 16 701 16 396 60.1% Latin America and Caribbean 11 657 10 881 39.9% Powdered and Liquid Beverages 3 447 3 190 11.7% Milk products and Ice cream 7 939 7 676 28.1% Prepared dishes and cooking aids 5 196 4 745 17.4% Confectionery 4 186 3 972 14.6% PetCare 7 590 7 694 28.2% Total sales 28 358 27 277 100.0% +1.1% +5.0% Trading operating profit 5 162 5 117 18.8% Capital expenditure 1 019 1 039 3.8% Zone Europe (a) In millions of CHF 2013 2014 RIG (%) OG (%) Western 12 722 12 610 83.1% Eastern and Central 2 845 2 565 16.9% Powdered and Liquid Beverages 4 067 4 027 26.6% Milk products and Ice cream 1 587 1 455 9.6% Prepared dishes and cooking aids 3 879 3 737 24.6% Confectionery 3 061 2 915 19.2% PetCare 2 973 3 041 20.0% Total sales 15 567 15 175 100.0% +2.2% +1.5% Trading operating profit 2 331 2 327 15.3% Capital expenditure 964 747 4.9% (a) 2013 comparatives have been restated following the transfer of responsibility for Nestea RTD businesses in geographic Zones to Nestlé Waters effective as from .
text,53,0,data/raw/Nestle_2014_auto-paragraph-parsing.pdf,"Zone Asia, Oceania and Africa Sales of CHF 18.3 billion, 2.6% organic growth, -0.3% real internal growth; 18.7% trading operating profit margin, -20 basis points."
text,53,0,data/raw/Nestle_2014_auto-paragraph-parsing.pdf,The slower growth in the Zone was due to our largest market China and to Oceania.
text,53,0,data/raw/Nestle_2014_auto-paragraph-parsing.pdf,In China we needed to adapt our portfolio to reconnect with the fast-changing expectations of the Chinese consumer.
text,53,0,data/raw/Nestle_2014_auto-paragraph-parsing.pdf,"Therefore, in addition to correcting trade stocks throughout the year, we focused on innovation, on reformulation and on re-launches, particularly in coffee, ready-to-drink and confectionery."
text,53,0,data/raw/Nestle_2014_auto-paragraph-parsing.pdf,"We continued to see good performances in ambient culinary, ice cream and ready-todrink coffee. In Oceania we are focused on developing new trade channels."
text,53,0,data/raw/Nestle_2014_auto-paragraph-parsing.pdf,"Strong growth continued in most other emerging markets, in particular the Philippines, South Asia, the Indochina region, Turkey and many markets in Africa."
text,53,0,data/raw/Nestle_2014_auto-paragraph-parsing.pdf,We introduced new premium noodles in Singapore and Malaysia. In the Philippines the new fortified Bear Brand milk powders were well received.
text,53,0,data/raw/Nestle_2014_auto-paragraph-parsing.pdf,"Maggi created a new breakfast option for the Indian market, Maggi Oats Noodles, and Nestlé Milo Activ-Go was launched in parts of South East Asia."
text,53,0,data/raw/Nestle_2014_auto-paragraph-parsing.pdf,"It was also rolled out in Africa, helping to deliver good growth across the continent."
text,53,1,data/raw/Nestle_2014_auto-paragraph-parsing.pdf,Strong innovation in products and business models drove performance in Japan with the coffee systems Nescafé Dolce Gusto and Nescafé Gold Blend Barista doing well and KitKat maintaining its growth momentum.
text,53,1,data/raw/Nestle_2014_auto-paragraph-parsing.pdf,"The Zone's trading operating profit margin was 18.7%, down 20 basis points, mainly due to slower growth, input cost increases and some exceptional items."
text,53,1,data/raw/Nestle_2014_auto-paragraph-parsing.pdf,"Nestlé Waters Sales of CHF 7.4 billion, 5.4% organic growth, 6.3% real internal growth; 9.7% trading operating profit margin, +50 basis points."
text,53,1,data/raw/Nestle_2014_auto-paragraph-parsing.pdf,"Nestlé Waters delivered solid broad-based organic and real internal growth in all three geographies. Nestlé Pure Life continued to be a growth engine, particularly in the emerging markets but also in North America and the United Kingdom."
text,53,1,data/raw/Nestle_2014_auto-paragraph-parsing.pdf,"Perrier and S.Pellegrino, our premium international brands, continued to demonstrate our ability to create value in the category."
text,53,1,data/raw/Nestle_2014_auto-paragraph-parsing.pdf,"Complementing these performances, strong local brands also delivered good growth, especially Buxton in the United Kingdom, Erikli in Turkey, La Vie in Vietnam and Yunnan Shan Quan in China."
text,53,1,data/raw/Nestle_2014_auto-paragraph-parsing.pdf,"The trading operating profit margin was 9.7%, up 50 basis points, mainly driven by solid growth on the back of contained structural costs."
text,53,2,data/raw/Nestle_2014_auto-paragraph-parsing.pdf,Lower input costs were partly offset by higher distribution costs.
text,54,0,data/raw/Nestle_2014_auto-paragraph-parsing.pdf,"Zone Asia, Oceania and Africa (a) In millions of CHF 2013 2014 RIG (%) OG (%) Oceania and Japan 3 050 2 802 15.3% Other Asian markets 10 274 9 860 54.0% Africa and Middle East 5 527 5 610 30.7% Powdered and Liquid Beverages 5 868 5 733 31.4% Milk products and Ice cream 6 814 6 547 35.8% Prepared dishes and cooking aids 2 835 2 888 15.8% Confectionery 2 659 2 500 13.7% PetCare 675 604 3.3% Total sales 18 851 18 272 100.0% -0.3% +2.6% Trading operating profit 3 562 3 408 18.7% Capital expenditure 1 280 697 3.8% Nestlé Waters (a) In millions of CHF 2013 2014 RIG (%) OG (%) Europe 2 205 2 190 29.6% United States and Canada 3 702 3 780 51.2% Other regions 1 350 1 420 19.2% Total sales 7 257 7 390 100.0% +6.3% +5.4% Trading operating profit 665 714 9.7% Capital expenditure 377 308 4.2% (a) 2013 comparatives have been restated following the transfer of responsibility for Nestea RTD businesses in geographic Zones to Nestlé Waters effective as from"
text,55,0,data/raw/Nestle_2014_auto-paragraph-parsing.pdf,"Nestlé Nutrition Sales of CHF 9.6 billion, 7.7% organic growth, 3.6% real intern al growth; 20.8% trading operating profit margin, +80 basis points."
text,55,0,data/raw/Nestle_2014_auto-paragraph-parsing.pdf,Our infant nutrition business saw a very strong performance in many Asian markets including China.
text,55,0,data/raw/Nestle_2014_auto-paragraph-parsing.pdf,"Growth was double-digit across Asia, despite political unrest in parts of the Middle East that hindered the distribution of products there."
text,55,0,data/raw/Nestle_2014_auto-paragraph-parsing.pdf,"Growth in Latin America was solid, while in Europe and North America, the environment was more challenging."
text,55,0,data/raw/Nestle_2014_auto-paragraph-parsing.pdf,Infant formula's growth was driven by strong sales of NAN and our premium brands S-26 and Illuma which benefited from the roll-out of successful innovation.
text,55,0,data/raw/Nestle_2014_auto-paragraph-parsing.pdf,"In baby food, infant cereals saw a steady recovery in the United States and Gerber Organic fruit purée pouches for infants, combining good nutrition with convenience, were a highlight for meals and drinks."
text,55,0,data/raw/Nestle_2014_auto-paragraph-parsing.pdf,"We divested our Performance Nutrition business PowerBar during the year. The trading operating profit margin rose 80 basis points to 20.8%, despite the impact of higher input costs."
text,55,0,data/raw/Nestle_2014_auto-paragraph-parsing.pdf,"The improvement was driven by the effects of portfolio management, the good performance in Wyeth Nutrition and efficiencies."
text,55,1,data/raw/Nestle_2014_auto-paragraph-parsing.pdf,"Other businesses Sales of CHF 13.9 billion, 7.1% organic growth, 5.6% real internal growth; 19.1% trading operating profit margin, +140 basis points."
text,55,1,data/raw/Nestle_2014_auto-paragraph-parsing.pdf,"The growth for Nestlé Professional was driven by the emerging markets, particularly China, the Philippines, the Indochina region, Middle East and Russia whilst Western Eur ope and North America continued to face challenges in the out-of-home environment."
text,55,1,data/raw/Nestle_2014_auto-paragraph-parsing.pdf,"The strategic growth drivers; beverage solutions and desserts solutions, continued to perform well. Nespresso grew in all regions, further expanding its presence around the world."
text,55,1,data/raw/Nestle_2014_auto-paragraph-parsing.pdf,"The focus on quality and investments in products, machines and services were the base for its strong results."
text,55,1,data/raw/Nestle_2014_auto-paragraph-parsing.pdf,Nespresso continued to drive the expansion of the global single-serve coffee market with the successful launch of the VertuoLine system in North America creating a new premium coffee segment.
text,55,1,data/raw/Nestle_2014_auto-paragraph-parsing.pdf,"The roll-out of the innovative automated retail boutique, the Nespresso Cube, is pioneering a new way of shopping and a personalised service for consumers."
text,55,1,data/raw/Nestle_2014_auto-paragraph-parsing.pdf,Nestlé Health Science continued to develop nutritional therapies that have proven clinical benefit and health economic value.
text,55,1,data/raw/Nestle_2014_auto-paragraph-parsing.pdf,Growth was primarily driven by strong performances in Europe and by its increasing presence in China.
text,55,1,data/raw/Nestle_2014_auto-paragraph-parsing.pdf,"New innovations for Vitaflo in the United Kingdom, the new Boost bottle in Canada, and the Meritene range in Europe all helped deliver good growth."
text,55,1,data/raw/Nestle_2014_auto-paragraph-parsing.pdf,Nestlé Skin Health delivered double-digit growth in line with expectations with strong performances in all geographies but particularly in the Americas and Asia.
text,55,2,data/raw/Nestle_2014_auto-paragraph-parsing.pdf,All business lines contributed to the growth. Nestlé Skin Health was further strengthened by the acquisition of the full rights to commercialise several key aesthetic dermatology products in the United States and Canada.
text,55,2,data/raw/Nestle_2014_auto-paragraph-parsing.pdf,"The trading operating profit margin of the Other businesses increased by 140 basis points to 19.1%, driven mainly by the good performance of all businesses and helped by the exceptional contribution during the first six months of Galderma's integration into Nestlé Skin Health."
text,56,0,data/raw/Nestle_2014_auto-paragraph-parsing.pdf,"Nestlé Nutrition In millions of CHF 2013 2014 RIG (%) OG (%) Europe 1 742 1 655 17.2% Americas 3 724 3 323 34.6% Asia, Oceania and Africa 4 360 4 636 48.2% Total sales 9 826 9 614 100.0% +3.6% +7.7% Trading operating profit 1 961 1 997 20.8% Capital expenditure 430 363 3.8% Other businesses (a) In millions of CHF 2013 2014 RIG (%) OG (%) Total sales 12 299 13 884 +5.6% +7.1% Trading operating profit 2 175 2 654 19.1% Capital expenditure 642 573 4.1% (a) Mainly Nespresso, Nestlé Professional, Nestlé Health Science and Nestlé Skin Health (renamed following the integration of Galderma as from July 2014)."
text,57,0,data/raw/Nestle_2014_auto-paragraph-parsing.pdf,Net profit and earnings per share Net profit rose CHF 4.4 billion to CHF 14.5 billion.
text,57,0,data/raw/Nestle_2014_auto-paragraph-parsing.pdf,The increase includes the profit realised on the disposal of part of the stake in L'Oréal and the revaluation gain on the 50% of Galderma already held when the Group brought its ownership from 50% to 100%.
text,57,0,data/raw/Nestle_2014_auto-paragraph-parsing.pdf,"As a consequence, reported earnings per share were CHF 4.54, up 44.6%. Underlying earnings per share were up 4.4% in constant currencies."
text,57,0,data/raw/Nestle_2014_auto-paragraph-parsing.pdf,"The underlying tax rate was 27.1%, relatively flat compared to 27.0% in 2013. Cash flow The Group's operating cash flow was CHF 14.7 billion compared to CHF 15.0 billion in 2013, and was again affected by the strength of the Swiss Franc in a challenging foreign exchange environment."
text,57,1,data/raw/Nestle_2014_auto-paragraph-parsing.pdf,"The Group's free cash flow remained strong at CHF 14.1 billion. While this figure includes the proceeds from the partial disposal of the L'Oréal stake, it is also a reflection of our ongoing focus on capital discipline, including all elements of working capital, capital expenditure and a continuous focus on efficiencies and profitable growth."
text,57,1,data/raw/Nestle_2014_auto-paragraph-parsing.pdf,Financial position The Group's net debt fell from CHF 14.7 billion to CHF 12.3 billion reflecting our strong free cash flow during the year at CHF 14.1 billion more than offsetting the payment of the dividend of CHF 6.9 billion and the initial phase of the current share buy-back programme.
text,57,1,data/raw/Nestle_2014_auto-paragraph-parsing.pdf,"Return on invested capital The Group's return on invested capital was 10.8% including goodwill, impacted partially by the integration of Galderma and it was 30.4% excluding goodwill, up 30 basis points."
text,57,1,data/raw/Nestle_2014_auto-paragraph-parsing.pdf,"Dividend The Board of Directors is proposing a dividend of CHF 2.20 per share, up from CHF 2.15 in 2013."
text,57,1,data/raw/Nestle_2014_auto-paragraph-parsing.pdf,"Outlook While delivering in the short term, we remain focused on our business long term, strengthening the foundations of future growth."
text,57,2,data/raw/Nestle_2014_auto-paragraph-parsing.pdf,"We expect 2015 to be similar to 2014 and we aim to achieve organic growth of around 5% with improvements in margins, underlying earnings per share in constant currencies and capital efficiency."
text,57,3,data/raw/Nestle_2014_auto-paragraph-parsing.pdf,2010 2011 2012 2013 2014 Evolution of the Nestlé S.A. share in 2014 In CHF 72.50
text,57,5,data/raw/Nestle_2014_auto-paragraph-parsing.pdf,J F M A M J J A S O N D P Nestlé S.A. share P Nestlé relative to Swiss Market Index 110.0% 107.5% 105.0% 102.5% 100.0% 97.5% 95.0% 2.20 2.05 1.85 2.15 1.95
text,58,0,data/raw/Nestle_2014_auto-paragraph-parsing.pdf,"Group Risk Management The Nestlé Group Enterprise Risk Management Framework (ERM) is designed to identify, communicate, and mitigate risks in order to minimise their potential impact on the Group."
text,58,0,data/raw/Nestle_2014_auto-paragraph-parsing.pdf,"Nestlé has adopted a dual approach in identifying and assessing risks. A top-down assessment is performed at Group level once a year to create a good understanding of the company's mega-risks, to allocate ownership to drive specific actions around them and take any relevant steps to address them."
text,58,0,data/raw/Nestle_2014_auto-paragraph-parsing.pdf,A bottom-up assessment occurs in parallel annually and focuses on the global risk portfolio in the businesses/ corporate functions.
text,58,0,data/raw/Nestle_2014_auto-paragraph-parsing.pdf,"It involves the aggregation of individual assessments by the Zones, Globally Managed Businesses and all markets."
text,58,0,data/raw/Nestle_2014_auto-paragraph-parsing.pdf,It is intended to provide a high-level risk mapping and allows Group Management to make sound decisions on the future operations of the company and ensure that any risk growing in importance within the organisation is captured and addressed in Nestlé's ERM agenda.
text,58,0,data/raw/Nestle_2014_auto-paragraph-parsing.pdf,"In 2014, a total of 42 risk assessments were performed and updated. An annual compliance risk assessment is performed in the Group Compliance Committee."
text,58,0,data/raw/Nestle_2014_auto-paragraph-parsing.pdf,"Risk assessments are the responsibility of line management; this applies equally to a business, a market or a function, and any mitigating actions identified in the assessments are the responsibility of the individual line management."
text,58,0,data/raw/Nestle_2014_auto-paragraph-parsing.pdf,"If Group-level intervention is required, responsibility for mitigating actions will generally be determined by the Executive Board."
text,58,0,data/raw/Nestle_2014_auto-paragraph-parsing.pdf,"The results of the Group ERM are presented annually to the Executive Board and to the Audit Committee, and conclusions reported to the Board of Directors."
text,58,0,data/raw/Nestle_2014_auto-paragraph-parsing.pdf,Nestlé uses the outcome of stakeholder meetings to better understand potential gaps between internal and external perception of risks and their impact on reputation.
text,58,0,data/raw/Nestle_2014_auto-paragraph-parsing.pdf,Factors affecting results Nestlé's reputation is based on consumers' trust.
text,58,1,data/raw/Nestle_2014_auto-paragraph-parsing.pdf,Any major event triggered by a serious food safety or other compliance issue could have a negative effect on Nestlé's reputation or brand image.
text,58,1,data/raw/Nestle_2014_auto-paragraph-parsing.pdf,"The Group has policies, processes, controls and regular monitoring (dedicated dashboard with relevant KPIs) in place to prevent such events."
text,58,1,data/raw/Nestle_2014_auto-paragraph-parsing.pdf,"The success of the Nestlé Group depends on its ability to anticipate consumer preferences and to offer high-quality, appealing products."
text,58,1,data/raw/Nestle_2014_auto-paragraph-parsing.pdf,"The Group's business is subject to some seasonality, and adverse weather conditions may impact sales."
text,58,1,data/raw/Nestle_2014_auto-paragraph-parsing.pdf,The food industry as a whole is faced with the global challenge of increasing obesity.
text,58,1,data/raw/Nestle_2014_auto-paragraph-parsing.pdf,The Group makes all its products available in a range of sizes and varieties designed to meet all needs and all occasions.
text,58,1,data/raw/Nestle_2014_auto-paragraph-parsing.pdf,"Nestlé is dependent on the sustainable supply of a number of raw materials, packaging materials and services/utilities."
text,58,1,data/raw/Nestle_2014_auto-paragraph-parsing.pdf,"Any major event triggered by natural hazards (drought, flood, etc.), change in macroeconomic environment (shift in production patterns, biofuels, excessive trading, etc.), resulting in input price volatilities and/or capacity constraints, could potentially impact Nestlé's financial results."
text,58,1,data/raw/Nestle_2014_auto-paragraph-parsing.pdf,"The Group has policies, processes, controls and regular monitoring in place to (if ever possible) anticipate such events and adequately mitigate against them."
text,58,1,data/raw/Nestle_2014_auto-paragraph-parsing.pdf,Nestlé manages risks and opportunities related to climate change proactively given the impact it may have on agriculture and food production systems.
text,58,1,data/raw/Nestle_2014_auto-paragraph-parsing.pdf,"The Group's liquidities/liabilities (currency fluctuation, inter - est rate, derivatives, and/or hedging, pension funding obligations/retirement benefits, banking/commercial credit, and cost of capital, etc.) could be impacted by any major event in the financial markets."
text,58,1,data/raw/Nestle_2014_auto-paragraph-parsing.pdf,"Again, Nestlé has the appropriate risk mitigation measures in place."
text,58,2,data/raw/Nestle_2014_auto-paragraph-parsing.pdf,"Nestlé is dependent on sustainable manufacturing/supply of finished goods for all product categories. A major event in one of Nestlé's key plants, at a key supplier, contract manufacturer, co-packer, and/or warehouse facility could potentially lead to a supply disruption and impact Nestlé's financial results."
text,58,2,data/raw/Nestle_2014_auto-paragraph-parsing.pdf,Business continuity plans are established and regularly maintained in order to mitigate against such an event.
text,58,2,data/raw/Nestle_2014_auto-paragraph-parsing.pdf,"The Group depends on accurate, timely information and numerical data from key software applications, without disruption, to enable day-to-day decision making."
text,59,0,data/raw/Nestle_2014_auto-paragraph-parsing.pdf,"of the environment, including the use of natural resources, release of air emissions and waste water, and the generation, storage, handling, transportation, treatment and disposal of waste materials."
text,59,0,data/raw/Nestle_2014_auto-paragraph-parsing.pdf,Nestlé is subject to health and safety regimes in all countries where it operates and has procedures in place to comply with legislation concerning the protection of the health and welfare of employees and contractors.
text,59,0,data/raw/Nestle_2014_auto-paragraph-parsing.pdf,Our Group companies are party to a variety of legal proceedings arising out of the normal course of business.
text,59,0,data/raw/Nestle_2014_auto-paragraph-parsing.pdf,"The relevant companies believe that there are valid defences for the claims, and such companies intend to defend any such litigation."
text,59,0,data/raw/Nestle_2014_auto-paragraph-parsing.pdf,"Nestlé has factories in 86 countries and operations in 197 countries around the world. Security, political instability, legal and regulatory, fiscal, macroeconomic, foreign trade, labour and/or infrastructure risks could potentially impact Nestlé's ability to do business in a country or region."
text,59,0,data/raw/Nestle_2014_auto-paragraph-parsing.pdf,Events such as infectious disease could also impact the Group's ability to operate. Any of these events could lead to a supply disruption and impact Nestlé's financial results.
text,59,0,data/raw/Nestle_2014_auto-paragraph-parsing.pdf,Regular monitoring and ad hoc business continuity plans are established in order to mitigate against such events.
text,59,0,data/raw/Nestle_2014_auto-paragraph-parsing.pdf,"One of the most valuable assets of Nestlé is the Groupwide geographical and product category spreads, which represent a tremendous natural hedge."
text,59,1,data/raw/Nestle_2014_auto-paragraph-parsing.pdf,GEOGRAPHIC DATA: FACTORIES Americas Argentina 7 P L P L P L P L P L L P L Bolivia 1 L L L L P L L Brazil 23 P L P L P L P L P L P L P L Canada 11 P L P L P L P L P L P L P L Chile 7 P L L P L P L P L P L L Colombia 4 P L L P L L P L P L P L Costa Rica 1 L L L P L L L L Cuba 3 L P L P L L L L Dominican Republic 2 L L P L L P L L L Ecuador 2 P L L P L L P L P L L Guatemala 3 P L L L L P L L L Jamaica 1 P L L P L L L L L Mexico 11 P L P L P L P L P L P L P L Nicaragua 1 P L L P L L L L L Panama 1 L L P L L P L L L Peru 1 P L L P L P L P L P L L Trinidad and Tobago 1 P L L P L L L L L United States 77 P L P L P L P L P L P L P L Uruguay 1 P L L L L P L L L Venezuela 5 P L L P L P L P L P L P L The figure in black after the country denotes the number of factories.
text,59,1,data/raw/Nestle_2014_auto-paragraph-parsing.pdf,"P Local production (may represent production in several factories). L Imports (may, in a few particular cases, represent purchases from third parties in the market concerned)."
text,60,0,data/raw/Nestle_2014_auto-paragraph-parsing.pdf,"Europe Austria 1 P L L P L L P L L L Belgium 1 L P L L L L L L Bulgaria 2 L L P L L L P L L Czech Republic 3 L L L L P L P L L Denmark 1 L L L L P L L L Finland 3 L L P L P L P L L L France 23 P L P L P L P L P L L P L Germany 18 P L P L P L P L P L P L P L Greece 3 P L P L P L L L L L Hungary 3 P L P L L L L P L P L Ireland 1 L L P L P L L L L Italy 15 P L P L P L L P L P L P L Netherlands 1 L L P L P L L L L Poland 7 P L P L P L L P L P L L Portugal 3 P L L P L P L L L L Republic of Serbia 2 L L P L L P L P L L Romania 1 P L L L L L P L L Russia 8 P L P L P L P L P L P L P L Slovak Republic 1 L L L L P L L L Spain 12 P L P L P L P L P L P L P L Sweden 2 P L L L P L L L L Switzerland 11 P L P L P L P L P L P L L Turkey 2 P L P L P L L P P L L Ukraine 3 P L L L L P L P L L United Kingdom 9 P L P L P L P L L P L P L Asia, Oceania and Africa Algeria 2 P L P L P L L L L Angola 1 L L P L L L Australia 9 P L L P L P L P L P L P L Bahrain 1 L P L L L L L L Bangladesh 1 P L P L P L P L P Cameroon 1 P L L P L L P L Côte d'Ivoire 2 P L P L L P Democratic Republic of Congo (DRC) 1 L L L L P L Egypt 3 P L P L P L P L P P L Ghana 1 P L L P L P L L L Greater China Region 29 P L P L P L P L P L P L P L India 7 P L L P L P L P P L Indonesia 4 P L L P L P L P L P L L Iran 2 L P P L P L L L L Iraq 1 L P L L L L L Israel 9 P L L P L P L P P L L Japan 3 P L L P L L P L P L L Jordan 1 L P L L L L L L Kenya 1 P L L P L P L P L L Lebanon 2 L P L L L L L L Malaysia 6 P L L P L P L P L P L L Morocco 1 P L L P L P L P L L L New Zealand 2 P L L P L L P L P L P L Nigeria 2 P L P P L P L P L P Pakistan 4 P L P P L P L P L Papua New Guinea 1 P L P L L P L L Philippines 6 P L L P L P L P L L L Qatar 1 L P L L L L L L Republic of Korea 1 L P L L L L L L Saudi Arabia 7 L P L L L L L L Senegal 1 L L L L P L Singapore 2 P L L P L P L P L L L South Africa 8 P L L P L P L P L P L P L Sri Lanka 1 P L P L P L P L Syria 1 L L L L L Thailand 7 P L P L P L L P L L P L Tunisia 1 P L P L L L United Arab Emirates 2 P L P L P L L P L P L L Uzbekistan 2 L P P L P L L L Vietnam 5 P L P L P L L P L Zimbabwe 1 P L L P L P L P L L"
text,62,0,data/raw/Nestle_2014_auto-paragraph-parsing.pdf,"For our company to be successful over the long term and create value for shareholders, it must create value for society."
text,62,0,data/raw/Nestle_2014_auto-paragraph-parsing.pdf,Our approach to Creating Shared Value is built upon a set of strong principles and values set by the Board of Directors.
text,62,0,data/raw/Nestle_2014_auto-paragraph-parsing.pdf,"In our governance, our Board of Directors plays a central role, among other things, for our long-term strategy; company values, culture and 'tone at the top'; the oversight of management and long-term performance; financial planning and audit process; risk oversight, compliance and integrity; compensation and performance goals; director nomination and evaluation; succession planning; and our engagement with shareholders and other stakeholders."
text,62,0,data/raw/Nestle_2014_auto-paragraph-parsing.pdf,"In this report, we give examples of our key strategies, critical developments in 2014 and an outlook on the future."
text,62,0,data/raw/Nestle_2014_auto-paragraph-parsing.pdf,"We aim to give insights into our strategy, factors that affect our ability to create value over time and our relationship with key stakeholders."
text,62,0,data/raw/Nestle_2014_auto-paragraph-parsing.pdf,Our Nestlé in society report includes both our financial and nonfinancial commitments in line with the UN Global Compact and the Global Reporting Initiative.
text,62,0,data/raw/Nestle_2014_auto-paragraph-parsing.pdf,It reflects our continuous journey towards integrated reporting. Our Corporate Governance Report describes how our governance ensures the effectiveness of our Board.
text,62,0,data/raw/Nestle_2014_auto-paragraph-parsing.pdf,"In 2014, we were an early adopter of new Swiss governance requirements; the related revision of our Articles of Association was adopted by a strong majority of our shareholders."
text,62,0,data/raw/Nestle_2014_auto-paragraph-parsing.pdf,Our Compensation Report explains our compensation system and pay-outs and is submitted annually to a separate advisory vote of our shareholders.
text,62,0,data/raw/Nestle_2014_auto-paragraph-parsing.pdf,"In 2015, we will for the first time submit the compensation of our Board of Directors and Executive Board for approval by our shareholders."
text,62,0,data/raw/Nestle_2014_auto-paragraph-parsing.pdf,We regularly review our governance against legal requirements and best practices.
text,62,1,data/raw/Nestle_2014_auto-paragraph-parsing.pdf,"We lead an intensive dialogue with investors through our periodic reports, roadshows, investor meetings, shareholder surveys, analyst and engagement calls, Chairman's Roundtables and bilateral meetings with shareholders."
text,62,1,data/raw/Nestle_2014_auto-paragraph-parsing.pdf,Our engagement follows a holistic approach that manages both their financial and governance expectations.
text,62,2,data/raw/Nestle_2014_auto-paragraph-parsing.pdf,Distribution of share capital by geography (a) 100% 80% 60% 40% 20% 0%
text,62,3,data/raw/Nestle_2014_auto-paragraph-parsing.pdf,"2010 2012 2014 Share capital by investor type, long-term evolution (a) 100% 80% 60% 40% 20%"
text,62,4,data/raw/Nestle_2014_auto-paragraph-parsing.pdf,1998 2002 2006 2010 2014 (a) Percentage derived from total number of registered shares. Registered shares represent 57.1% of the total share capital.
text,62,5,data/raw/Nestle_2014_auto-paragraph-parsing.pdf,Others 8.83% France 1.91% China 2.04% Canada 2.13% Japan 2.33% Luxembourg 3.00% Belgium 3.49% Germany 4.51% United Kingdom 6.17% United States 28.53% Switzerland 35.28% Institutions 79% Private Shareholders 21%
text,63,0,data/raw/Nestle_2014_auto-paragraph-parsing.pdf,(1) Term expires on the date of the Annual General Meeting 2015. (2) Chairman's and Corporate Governance Committee. (3) Compensation Committee. (4) Nomination Committee. (5) Audit Committee.
text,63,0,data/raw/Nestle_2014_auto-paragraph-parsing.pdf,"Helmut O. Maucher Honorary Chairman David P. Frick Secretary to the Board KPMG SA Geneva branch (1) Independent auditors Board of Directors of Nestlé S.A. at  Peter Brabeck-Letmathe (1, 2, 4) Chairman Paul Bulcke (1, 2) Chief Executive Officer Andreas Koopmann (1, 2, 3, 4) 1st Vice Chairman Chairman, Georg Fischer AG Rolf Hänggi (1, 2, 5) 2nd Vice Chairman Former Chairman, Rüd, Blass & Cie AG Beat Hess (1, 2) Former Group Legal Director, Royal Dutch Shell plc."
text,63,0,data/raw/Nestle_2014_auto-paragraph-parsing.pdf,"Daniel Borel (1, 3) Co-founder and Board member, Logitech International S.A. Steven G. Hoch (1, 4) Founder and CEO, Highmount Capital Naïna Lal Kidwai (1, 5) Chairperson, HSBC Group of Companies in India Titia de Lange (1) Associate Director, Anderson Cancer Center, The Rockefeller University Jean-Pierre Roth (1, 3) Chairman, Geneva Cantonal Bank Ann M."
text,63,1,data/raw/Nestle_2014_auto-paragraph-parsing.pdf,"Veneman (1, 4) Former Executive Director, UNICEF, and Secretary, U.S. Department of Agriculture Henri de Castries (1, 5) Chairman and CEO, AXA Eva Cheng (1, 5) Former Corporate Executive Vice President and Chairwoman, Amway China Paul Bulcke Peter Brabeck-Letmathe Andreas Koopmann BOARD OF DIRECTORS OF NESTLÉ S.A."
text,64,0,data/raw/Nestle_2014_auto-paragraph-parsing.pdf,"For further information on the Board of Directors, please refer to the Corporate Governance Report 2014."
text,64,0,data/raw/Nestle_2014_auto-paragraph-parsing.pdf,Ann M. Veneman Henri de Castries Naïna Lal Kidwai Titia de Lange Eva Cheng Beat Hess Rolf Hänggi Jean-Pierre Roth Steven G.
text,65,0,data/raw/Nestle_2014_auto-paragraph-parsing.pdf,"For further information on the Executive Board, please refer to the Corporate Governance Report 2014. 1 3 2 11 13 4 7 12 10 9 14 5 8 6 EXECUTIVE BOARD OF NESTLÉ S.A."
text,66,0,data/raw/Nestle_2014_auto-paragraph-parsing.pdf,"9 Stefan Catsicas EVP, Innovation Technology, Research and Development 10 Marco Settembri EVP, Nestlé Waters 11 Peter Vogt Deputy EVP, Human Resources 12 Martial Rolland Deputy EVP, Nestlé Professional 13 Heiko Schipper Deputy EVP, Nestlé Nutrition 14 David P."
text,66,1,data/raw/Nestle_2014_auto-paragraph-parsing.pdf,Yves Philippe Bloch Corporate Secretary Compliance at Nestlé means we will not sacrifice our principles and values for short-term success.
text,66,1,data/raw/Nestle_2014_auto-paragraph-parsing.pdf,"We follow applicable laws and our own commitments across the ten Corporate Business Principles, including our commitments to integrity in the Code of Business Conduct, to maintain sustainable trust with employees, shareholders and other stakeholders."
text,66,1,data/raw/Nestle_2014_auto-paragraph-parsing.pdf,"While compliance is a leadership responsibility, line management is supported by all functions engaged in our riskand principles-based compliance programme."
text,66,1,data/raw/Nestle_2014_auto-paragraph-parsing.pdf,"A dedicated Corporate Compliance function and a cross-functional Compliance Committee define the framework, facilitate coordination and provide guidance and best practices."
text,66,1,data/raw/Nestle_2014_auto-paragraph-parsing.pdf,"Under our custodian concept, our Market Heads play a critical role for compliance. Market Compliance Officers and committees ensure a consistent approach and help identify local compliance priorities."
text,66,1,data/raw/Nestle_2014_auto-paragraph-parsing.pdf,"The right tone at the top is reflected in our Corporate Business Principles, our Management and Leadership Principles, our Code of Business Conduct and our Supplier Code."
text,66,1,data/raw/Nestle_2014_auto-paragraph-parsing.pdf,"Awareness campaigns and regular risk assessments help us in their continuous implementation. Proper consequence management is reinforced by our performance evaluation system, which includes an assessment of ""how"" goals were accomplished."
text,66,1,data/raw/Nestle_2014_auto-paragraph-parsing.pdf,"We monitor compliance through our corporate functions, internal and external audit, as well as our CARE programme relying on independent external auditors. 120 audits were conducted in 2014 and gaps addressed."
text,66,1,data/raw/Nestle_2014_auto-paragraph-parsing.pdf,"In 2014, we addressed 920 complaints from employees through our integrity reporting system, which complements our ombudsman system for WHO Code compliance."
text,66,1,data/raw/Nestle_2014_auto-paragraph-parsing.pdf,Our new Tell Us reporting system allowed us to address 87 complaints from suppliers and other third parties.
text,66,2,data/raw/Nestle_2014_auto-paragraph-parsing.pdf,Our WHO Code compliance programme covers all Nestlé operations involved in the marketing of infant nutrition products.
text,66,2,data/raw/Nestle_2014_auto-paragraph-parsing.pdf,We adhere to the decisions of all governments regarding the application of the WHO Code in their countries and voluntarily apply the WHO Code in all developing countries.
text,66,2,data/raw/Nestle_2014_auto-paragraph-parsing.pdf,"Our continued inclusion in the FTSE4Good index is a testimony to our commitment. Our Human Rights compliance programme is based on the applicable UN Framework and includes risk and impact assessments perfomed together with the Danish Institute for Human Rights, training, monitoring and stakeholder engagement."
text,66,2,data/raw/Nestle_2014_auto-paragraph-parsing.pdf,"We continuously reinforce our compliance programme based on selected focus areas. In 2014, they included our enhanced anti-bribery programme; improved efficiency of processes and tools; the launch of 'Tell us'; renovated and re-launched trainings; improved transparency; and a focus on new regulations."
text,66,2,data/raw/Nestle_2014_auto-paragraph-parsing.pdf,"EVP: Executive Vice President SVP: Senior Vice President Executive Board of Nestlé S.A. at  1 Paul Bulcke Chief Executive Officer 2 Luis Cantarell EVP, Europe, Middle East, North Africa 3 José Lopez EVP, Operations 4 Laurent Freixe EVP, United States of America, Canada, Latin America, Caribbean 5 Chris Johnson EVP, Nestlé Business Excellence 6 Patrice Bula EVP, Strategic Business Units, Marketing and Sales 7 Doreswamy (Nandu) Nandkishore EVP, Asia, Oceania, Africa 8 Wan Ling Martello EVP, Chief Financial Officer (includes Legal, Intellectual Property, Tax, Treasury)"
text,67,0,data/raw/Nestle_2014_auto-paragraph-parsing.pdf,"Stock exchange listing At , Nestlé S.A. shares are listed on the SIX Swiss Exchange, Zurich (ISIN code: CH0038863350)."
text,67,0,data/raw/Nestle_2014_auto-paragraph-parsing.pdf,"American Depositary Receipts (ISIN code: US6410694060) representing Nestlé S.A. shares are offered in the USA by Citibank, N.A., New York."
text,67,0,data/raw/Nestle_2014_auto-paragraph-parsing.pdf,Registered Offices Nestlé S.A. Avenue Nestlé 55 CH-1800 Vevey (Switzerland) tel. +41 (0)21 924 21 11 Nestlé S.A. (Share Transfer Office) Zugerstrasse 8 CH-6330 Cham (Switzerland) tel.
